adm0_name,adm1_name,adm2_name,dot_name,year,cbr,pop_total,ri_eff,dpt3,reff_random_effect,sia_random_effect,prop_underwt
NIGERIA,ZAMFARA,ANKA,AFRO:NIGERIA:ZAMFARA:ANKA,2010,37.8,204873,0.25,0.2,0.0,0.0,0.33
NIGERIA,ZAMFARA,ANKA,AFRO:NIGERIA:ZAMFARA:ANKA,2011,37.0,210648,0.25,0.2,0.0,0.0,0.33
NIGERIA,ZAMFARA,ANKA,AFRO:NIGERIA:ZAMFARA:ANKA,2012,36.2,216674,0.25,0.2,0.0,0.0,0.33
NIGERIA,ZAMFARA,ANKA,AFRO:NIGERIA:ZAMFARA:ANKA,2013,35.4,222448,0.25,0.2,0.0,0.0,0.33
NIGERIA,ZAMFARA,ANKA,AFRO:NIGERIA:ZAMFARA:ANKA,2014,34.6,228474,0.25,0.2,0.0,0.0,0.33
NIGERIA,ZAMFARA,ANKA,AFRO:NIGERIA:ZAMFARA:ANKA,2015,33.8,234500,0.25,0.2,0.0,0.0,0.33
NIGERIA,ZAMFARA,ANKA,AFRO:NIGERIA:ZAMFARA:ANKA,2016,33.3,240023,0.25,0.2,0.0,0.0,0.33
NIGERIA,ZAMFARA,ANKA,AFRO:NIGERIA:ZAMFARA:ANKA,2017,32.7,245798,0.25,0.2,0.0,0.0,0.33
NIGERIA,ZAMFARA,ANKA,AFRO:NIGERIA:ZAMFARA:ANKA,2018,32.1,251573,0.25,0.2,0.0,0.0,0.33
NIGERIA,ZAMFARA,ANKA,AFRO:NIGERIA:ZAMFARA:ANKA,2019,31.6,257347,0.25,0.2,0.0,0.0,0.33
NIGERIA,ZAMFARA,ANKA,AFRO:NIGERIA:ZAMFARA:ANKA,2020,31.0,263122,0.25,0.2,0.0,0.0,0.33
NIGERIA,ZAMFARA,ANKA,AFRO:NIGERIA:ZAMFARA:ANKA,2021,30.7,268897,0.25,0.2,0.0,0.0,0.33
NIGERIA,ZAMFARA,ANKA,AFRO:NIGERIA:ZAMFARA:ANKA,2022,30.4,274671,0.25,0.2,0.0,0.0,0.33
NIGERIA,ZAMFARA,ANKA,AFRO:NIGERIA:ZAMFARA:ANKA,2023,30.1,280446,0.25,0.2,0.0,0.0,0.33
NIGERIA,ZAMFARA,ANKA,AFRO:NIGERIA:ZAMFARA:ANKA,2024,29.7,286220,0.25,0.2,0.0,0.0,0.33
NIGERIA,ZAMFARA,ANKA,AFRO:NIGERIA:ZAMFARA:ANKA,2025,29.4,291995,0.25,0.2,0.0,0.0,0.33
NIGERIA,ZAMFARA,ANKA,AFRO:NIGERIA:ZAMFARA:ANKA,2026,29.1,298021,0.25,0.2,0.0,0.0,0.33
NIGERIA,ZAMFARA,ANKA,AFRO:NIGERIA:ZAMFARA:ANKA,2027,28.8,304298,0.25,0.2,0.0,0.0,0.33
NIGERIA,ZAMFARA,ANKA,AFRO:NIGERIA:ZAMFARA:ANKA,2028,28.4,310323,0.25,0.2,0.0,0.0,0.33
NIGERIA,ZAMFARA,ANKA,AFRO:NIGERIA:ZAMFARA:ANKA,2029,28.1,316349,0.25,0.2,0.0,0.0,0.33
NIGERIA,ZAMFARA,ANKA,AFRO:NIGERIA:ZAMFARA:ANKA,2030,27.8,322626,0.25,0.2,0.0,0.0,0.33
NIGERIA,ZAMFARA,ANKA,AFRO:NIGERIA:ZAMFARA:ANKA,2031,27.4,328651,0.25,0.2,0.0,0.0,0.33
NIGERIA,ZAMFARA,ANKA,AFRO:NIGERIA:ZAMFARA:ANKA,2032,27.0,334928,0.25,0.2,0.0,0.0,0.33
NIGERIA,ZAMFARA,ANKA,AFRO:NIGERIA:ZAMFARA:ANKA,2033,26.6,341205,0.25,0.2,0.0,0.0,0.33
NIGERIA,ZAMFARA,ANKA,AFRO:NIGERIA:ZAMFARA:ANKA,2034,26.3,347482,0.25,0.2,0.0,0.0,0.33
NIGERIA,ZAMFARA,ANKA,AFRO:NIGERIA:ZAMFARA:ANKA,2035,25.9,353759,0.25,0.2,0.0,0.0,0.33
NIGERIA,ZAMFARA,ANKA,AFRO:NIGERIA:ZAMFARA:ANKA,2036,25.5,359784,0.25,0.2,0.0,0.0,0.33
NIGERIA,ZAMFARA,ANKA,AFRO:NIGERIA:ZAMFARA:ANKA,2037,25.1,366061,0.25,0.2,0.0,0.0,0.33
NIGERIA,ZAMFARA,ANKA,AFRO:NIGERIA:ZAMFARA:ANKA,2038,24.7,372087,0.25,0.2,0.0,0.0,0.33
NIGERIA,ZAMFARA,ANKA,AFRO:NIGERIA:ZAMFARA:ANKA,2039,24.3,378363,0.25,0.2,0.0,0.0,0.33
NIGERIA,ZAMFARA,BAKURA,AFRO:NIGERIA:ZAMFARA:BAKURA,2010,37.8,145201,0.25,0.2,0.0,0.0,0.33
NIGERIA,ZAMFARA,BAKURA,AFRO:NIGERIA:ZAMFARA:BAKURA,2011,37.0,149294,0.25,0.2,0.0,0.0,0.33
NIGERIA,ZAMFARA,BAKURA,AFRO:NIGERIA:ZAMFARA:BAKURA,2012,36.2,153564,0.25,0.2,0.0,0.0,0.33
NIGERIA,ZAMFARA,BAKURA,AFRO:NIGERIA:ZAMFARA:BAKURA,2013,35.4,157657,0.25,0.2,0.0,0.0,0.33
NIGERIA,ZAMFARA,BAKURA,AFRO:NIGERIA:ZAMFARA:BAKURA,2014,34.6,161928,0.25,0.2,0.0,0.0,0.33
NIGERIA,ZAMFARA,BAKURA,AFRO:NIGERIA:ZAMFARA:BAKURA,2015,33.8,166198,0.25,0.2,0.0,0.0,0.33
NIGERIA,ZAMFARA,BAKURA,AFRO:NIGERIA:ZAMFARA:BAKURA,2016,33.3,170113,0.25,0.2,0.0,0.0,0.33
NIGERIA,ZAMFARA,BAKURA,AFRO:NIGERIA:ZAMFARA:BAKURA,2017,32.7,174206,0.25,0.2,0.0,0.0,0.33
NIGERIA,ZAMFARA,BAKURA,AFRO:NIGERIA:ZAMFARA:BAKURA,2018,32.1,178298,0.25,0.2,0.0,0.0,0.33
NIGERIA,ZAMFARA,BAKURA,AFRO:NIGERIA:ZAMFARA:BAKURA,2019,31.6,182391,0.25,0.2,0.0,0.0,0.33
NIGERIA,ZAMFARA,BAKURA,AFRO:NIGERIA:ZAMFARA:BAKURA,2020,31.0,186484,0.25,0.2,0.0,0.0,0.33
NIGERIA,ZAMFARA,BAKURA,AFRO:NIGERIA:ZAMFARA:BAKURA,2021,30.7,190576,0.25,0.2,0.0,0.0,0.33
NIGERIA,ZAMFARA,BAKURA,AFRO:NIGERIA:ZAMFARA:BAKURA,2022,30.4,194669,0.25,0.2,0.0,0.0,0.33
NIGERIA,ZAMFARA,BAKURA,AFRO:NIGERIA:ZAMFARA:BAKURA,2023,30.1,198762,0.25,0.2,0.0,0.0,0.33
NIGERIA,ZAMFARA,BAKURA,AFRO:NIGERIA:ZAMFARA:BAKURA,2024,29.7,202855,0.25,0.2,0.0,0.0,0.33
NIGERIA,ZAMFARA,BAKURA,AFRO:NIGERIA:ZAMFARA:BAKURA,2025,29.4,206947,0.25,0.2,0.0,0.0,0.33
NIGERIA,ZAMFARA,BAKURA,AFRO:NIGERIA:ZAMFARA:BAKURA,2026,29.1,211218,0.25,0.2,0.0,0.0,0.33
NIGERIA,ZAMFARA,BAKURA,AFRO:NIGERIA:ZAMFARA:BAKURA,2027,28.8,215666,0.25,0.2,0.0,0.0,0.33
NIGERIA,ZAMFARA,BAKURA,AFRO:NIGERIA:ZAMFARA:BAKURA,2028,28.4,219937,0.25,0.2,0.0,0.0,0.33
NIGERIA,ZAMFARA,BAKURA,AFRO:NIGERIA:ZAMFARA:BAKURA,2029,28.1,224208,0.25,0.2,0.0,0.0,0.33
NIGERIA,ZAMFARA,BAKURA,AFRO:NIGERIA:ZAMFARA:BAKURA,2030,27.8,228656,0.25,0.2,0.0,0.0,0.33
NIGERIA,ZAMFARA,BAKURA,AFRO:NIGERIA:ZAMFARA:BAKURA,2031,27.4,232927,0.25,0.2,0.0,0.0,0.33
NIGERIA,ZAMFARA,BAKURA,AFRO:NIGERIA:ZAMFARA:BAKURA,2032,27.0,237375,0.25,0.2,0.0,0.0,0.33
NIGERIA,ZAMFARA,BAKURA,AFRO:NIGERIA:ZAMFARA:BAKURA,2033,26.6,241824,0.25,0.2,0.0,0.0,0.33
NIGERIA,ZAMFARA,BAKURA,AFRO:NIGERIA:ZAMFARA:BAKURA,2034,26.3,246273,0.25,0.2,0.0,0.0,0.33
NIGERIA,ZAMFARA,BAKURA,AFRO:NIGERIA:ZAMFARA:BAKURA,2035,25.9,250721,0.25,0.2,0.0,0.0,0.33
NIGERIA,ZAMFARA,BAKURA,AFRO:NIGERIA:ZAMFARA:BAKURA,2036,25.5,254992,0.25,0.2,0.0,0.0,0.33
NIGERIA,ZAMFARA,BAKURA,AFRO:NIGERIA:ZAMFARA:BAKURA,2037,25.1,259440,0.25,0.2,0.0,0.0,0.33
NIGERIA,ZAMFARA,BAKURA,AFRO:NIGERIA:ZAMFARA:BAKURA,2038,24.7,263711,0.25,0.2,0.0,0.0,0.33
NIGERIA,ZAMFARA,BAKURA,AFRO:NIGERIA:ZAMFARA:BAKURA,2039,24.3,268160,0.25,0.2,0.0,0.0,0.33
NIGERIA,ZAMFARA,BIRNIN_MAGAJI_KIYAW,AFRO:NIGERIA:ZAMFARA:BIRNIN_MAGAJI_KIYAW,2010,37.8,196760,0.25,0.2,0.0,0.0,0.33
NIGERIA,ZAMFARA,BIRNIN_MAGAJI_KIYAW,AFRO:NIGERIA:ZAMFARA:BIRNIN_MAGAJI_KIYAW,2011,37.0,202306,0.25,0.2,0.0,0.0,0.33
NIGERIA,ZAMFARA,BIRNIN_MAGAJI_KIYAW,AFRO:NIGERIA:ZAMFARA:BIRNIN_MAGAJI_KIYAW,2012,36.2,208093,0.25,0.2,0.0,0.0,0.33
NIGERIA,ZAMFARA,BIRNIN_MAGAJI_KIYAW,AFRO:NIGERIA:ZAMFARA:BIRNIN_MAGAJI_KIYAW,2013,35.4,213639,0.25,0.2,0.0,0.0,0.33
NIGERIA,ZAMFARA,BIRNIN_MAGAJI_KIYAW,AFRO:NIGERIA:ZAMFARA:BIRNIN_MAGAJI_KIYAW,2014,34.6,219426,0.25,0.2,0.0,0.0,0.33
NIGERIA,ZAMFARA,BIRNIN_MAGAJI_KIYAW,AFRO:NIGERIA:ZAMFARA:BIRNIN_MAGAJI_KIYAW,2015,33.8,225213,0.25,0.2,0.0,0.0,0.33
NIGERIA,ZAMFARA,BIRNIN_MAGAJI_KIYAW,AFRO:NIGERIA:ZAMFARA:BIRNIN_MAGAJI_KIYAW,2016,33.3,230518,0.25,0.2,0.0,0.0,0.33
NIGERIA,ZAMFARA,BIRNIN_MAGAJI_KIYAW,AFRO:NIGERIA:ZAMFARA:BIRNIN_MAGAJI_KIYAW,2017,32.7,236064,0.25,0.2,0.0,0.0,0.33
NIGERIA,ZAMFARA,BIRNIN_MAGAJI_KIYAW,AFRO:NIGERIA:ZAMFARA:BIRNIN_MAGAJI_KIYAW,2018,32.1,241610,0.25,0.2,0.0,0.0,0.33
NIGERIA,ZAMFARA,BIRNIN_MAGAJI_KIYAW,AFRO:NIGERIA:ZAMFARA:BIRNIN_MAGAJI_KIYAW,2019,31.6,247156,0.25,0.2,0.0,0.0,0.33
NIGERIA,ZAMFARA,BIRNIN_MAGAJI_KIYAW,AFRO:NIGERIA:ZAMFARA:BIRNIN_MAGAJI_KIYAW,2020,31.0,252702,0.25,0.2,0.0,0.0,0.33
NIGERIA,ZAMFARA,BIRNIN_MAGAJI_KIYAW,AFRO:NIGERIA:ZAMFARA:BIRNIN_MAGAJI_KIYAW,2021,30.7,258248,0.25,0.2,0.0,0.0,0.33
NIGERIA,ZAMFARA,BIRNIN_MAGAJI_KIYAW,AFRO:NIGERIA:ZAMFARA:BIRNIN_MAGAJI_KIYAW,2022,30.4,263794,0.25,0.2,0.0,0.0,0.33
NIGERIA,ZAMFARA,BIRNIN_MAGAJI_KIYAW,AFRO:NIGERIA:ZAMFARA:BIRNIN_MAGAJI_KIYAW,2023,30.1,269339,0.25,0.2,0.0,0.0,0.33
NIGERIA,ZAMFARA,BIRNIN_MAGAJI_KIYAW,AFRO:NIGERIA:ZAMFARA:BIRNIN_MAGAJI_KIYAW,2024,29.7,274885,0.25,0.2,0.0,0.0,0.33
NIGERIA,ZAMFARA,BIRNIN_MAGAJI_KIYAW,AFRO:NIGERIA:ZAMFARA:BIRNIN_MAGAJI_KIYAW,2025,29.4,280431,0.25,0.2,0.0,0.0,0.33
NIGERIA,ZAMFARA,BIRNIN_MAGAJI_KIYAW,AFRO:NIGERIA:ZAMFARA:BIRNIN_MAGAJI_KIYAW,2026,29.1,286218,0.25,0.2,0.0,0.0,0.33
NIGERIA,ZAMFARA,BIRNIN_MAGAJI_KIYAW,AFRO:NIGERIA:ZAMFARA:BIRNIN_MAGAJI_KIYAW,2027,28.8,292247,0.25,0.2,0.0,0.0,0.33
NIGERIA,ZAMFARA,BIRNIN_MAGAJI_KIYAW,AFRO:NIGERIA:ZAMFARA:BIRNIN_MAGAJI_KIYAW,2028,28.4,298034,0.25,0.2,0.0,0.0,0.33
NIGERIA,ZAMFARA,BIRNIN_MAGAJI_KIYAW,AFRO:NIGERIA:ZAMFARA:BIRNIN_MAGAJI_KIYAW,2029,28.1,303821,0.25,0.2,0.0,0.0,0.33
NIGERIA,ZAMFARA,BIRNIN_MAGAJI_KIYAW,AFRO:NIGERIA:ZAMFARA:BIRNIN_MAGAJI_KIYAW,2030,27.8,309849,0.25,0.2,0.0,0.0,0.33
NIGERIA,ZAMFARA,BIRNIN_MAGAJI_KIYAW,AFRO:NIGERIA:ZAMFARA:BIRNIN_MAGAJI_KIYAW,2031,27.4,315636,0.25,0.2,0.0,0.0,0.33
NIGERIA,ZAMFARA,BIRNIN_MAGAJI_KIYAW,AFRO:NIGERIA:ZAMFARA:BIRNIN_MAGAJI_KIYAW,2032,27.0,321664,0.25,0.2,0.0,0.0,0.33
NIGERIA,ZAMFARA,BIRNIN_MAGAJI_KIYAW,AFRO:NIGERIA:ZAMFARA:BIRNIN_MAGAJI_KIYAW,2033,26.6,327692,0.25,0.2,0.0,0.0,0.33
NIGERIA,ZAMFARA,BIRNIN_MAGAJI_KIYAW,AFRO:NIGERIA:ZAMFARA:BIRNIN_MAGAJI_KIYAW,2034,26.3,333721,0.25,0.2,0.0,0.0,0.33
NIGERIA,ZAMFARA,BIRNIN_MAGAJI_KIYAW,AFRO:NIGERIA:ZAMFARA:BIRNIN_MAGAJI_KIYAW,2035,25.9,339749,0.25,0.2,0.0,0.0,0.33
NIGERIA,ZAMFARA,BIRNIN_MAGAJI_KIYAW,AFRO:NIGERIA:ZAMFARA:BIRNIN_MAGAJI_KIYAW,2036,25.5,345536,0.25,0.2,0.0,0.0,0.33
NIGERIA,ZAMFARA,BIRNIN_MAGAJI_KIYAW,AFRO:NIGERIA:ZAMFARA:BIRNIN_MAGAJI_KIYAW,2037,25.1,351564,0.25,0.2,0.0,0.0,0.33
NIGERIA,ZAMFARA,BIRNIN_MAGAJI_KIYAW,AFRO:NIGERIA:ZAMFARA:BIRNIN_MAGAJI_KIYAW,2038,24.7,357351,0.25,0.2,0.0,0.0,0.33
NIGERIA,ZAMFARA,BIRNIN_MAGAJI_KIYAW,AFRO:NIGERIA:ZAMFARA:BIRNIN_MAGAJI_KIYAW,2039,24.3,363379,0.25,0.2,0.0,0.0,0.33
NIGERIA,ZAMFARA,BUKKUYUM,AFRO:NIGERIA:ZAMFARA:BUKKUYUM,2010,37.8,246305,0.25,0.2,0.0,0.0,0.33
NIGERIA,ZAMFARA,BUKKUYUM,AFRO:NIGERIA:ZAMFARA:BUKKUYUM,2011,37.0,253247,0.25,0.2,0.0,0.0,0.33
NIGERIA,ZAMFARA,BUKKUYUM,AFRO:NIGERIA:ZAMFARA:BUKKUYUM,2012,36.2,260492,0.25,0.2,0.0,0.0,0.33
NIGERIA,ZAMFARA,BUKKUYUM,AFRO:NIGERIA:ZAMFARA:BUKKUYUM,2013,35.4,267434,0.25,0.2,0.0,0.0,0.33
NIGERIA,ZAMFARA,BUKKUYUM,AFRO:NIGERIA:ZAMFARA:BUKKUYUM,2014,34.6,274678,0.25,0.2,0.0,0.0,0.33
NIGERIA,ZAMFARA,BUKKUYUM,AFRO:NIGERIA:ZAMFARA:BUKKUYUM,2015,33.8,281923,0.25,0.2,0.0,0.0,0.33
NIGERIA,ZAMFARA,BUKKUYUM,AFRO:NIGERIA:ZAMFARA:BUKKUYUM,2016,33.3,288563,0.25,0.2,0.0,0.0,0.33
NIGERIA,ZAMFARA,BUKKUYUM,AFRO:NIGERIA:ZAMFARA:BUKKUYUM,2017,32.7,295506,0.25,0.2,0.0,0.0,0.33
NIGERIA,ZAMFARA,BUKKUYUM,AFRO:NIGERIA:ZAMFARA:BUKKUYUM,2018,32.1,302448,0.25,0.2,0.0,0.0,0.33
NIGERIA,ZAMFARA,BUKKUYUM,AFRO:NIGERIA:ZAMFARA:BUKKUYUM,2019,31.6,309391,0.25,0.2,0.0,0.0,0.33
NIGERIA,ZAMFARA,BUKKUYUM,AFRO:NIGERIA:ZAMFARA:BUKKUYUM,2020,31.0,316333,0.25,0.2,0.0,0.0,0.33
NIGERIA,ZAMFARA,BUKKUYUM,AFRO:NIGERIA:ZAMFARA:BUKKUYUM,2021,30.7,323275,0.25,0.2,0.0,0.0,0.33
NIGERIA,ZAMFARA,BUKKUYUM,AFRO:NIGERIA:ZAMFARA:BUKKUYUM,2022,30.4,330218,0.25,0.2,0.0,0.0,0.33
NIGERIA,ZAMFARA,BUKKUYUM,AFRO:NIGERIA:ZAMFARA:BUKKUYUM,2023,30.1,337160,0.25,0.2,0.0,0.0,0.33
NIGERIA,ZAMFARA,BUKKUYUM,AFRO:NIGERIA:ZAMFARA:BUKKUYUM,2024,29.7,344103,0.25,0.2,0.0,0.0,0.33
NIGERIA,ZAMFARA,BUKKUYUM,AFRO:NIGERIA:ZAMFARA:BUKKUYUM,2025,29.4,351045,0.25,0.2,0.0,0.0,0.33
NIGERIA,ZAMFARA,BUKKUYUM,AFRO:NIGERIA:ZAMFARA:BUKKUYUM,2026,29.1,358290,0.25,0.2,0.0,0.0,0.33
NIGERIA,ZAMFARA,BUKKUYUM,AFRO:NIGERIA:ZAMFARA:BUKKUYUM,2027,28.8,365836,0.25,0.2,0.0,0.0,0.33
NIGERIA,ZAMFARA,BUKKUYUM,AFRO:NIGERIA:ZAMFARA:BUKKUYUM,2028,28.4,373080,0.25,0.2,0.0,0.0,0.33
NIGERIA,ZAMFARA,BUKKUYUM,AFRO:NIGERIA:ZAMFARA:BUKKUYUM,2029,28.1,380324,0.25,0.2,0.0,0.0,0.33
NIGERIA,ZAMFARA,BUKKUYUM,AFRO:NIGERIA:ZAMFARA:BUKKUYUM,2030,27.8,387870,0.25,0.2,0.0,0.0,0.33
NIGERIA,ZAMFARA,BUKKUYUM,AFRO:NIGERIA:ZAMFARA:BUKKUYUM,2031,27.4,395115,0.25,0.2,0.0,0.0,0.33
NIGERIA,ZAMFARA,BUKKUYUM,AFRO:NIGERIA:ZAMFARA:BUKKUYUM,2032,27.0,402661,0.25,0.2,0.0,0.0,0.33
NIGERIA,ZAMFARA,BUKKUYUM,AFRO:NIGERIA:ZAMFARA:BUKKUYUM,2033,26.6,410207,0.25,0.2,0.0,0.0,0.33
NIGERIA,ZAMFARA,BUKKUYUM,AFRO:NIGERIA:ZAMFARA:BUKKUYUM,2034,26.3,417753,0.25,0.2,0.0,0.0,0.33
NIGERIA,ZAMFARA,BUKKUYUM,AFRO:NIGERIA:ZAMFARA:BUKKUYUM,2035,25.9,425299,0.25,0.2,0.0,0.0,0.33
NIGERIA,ZAMFARA,BUKKUYUM,AFRO:NIGERIA:ZAMFARA:BUKKUYUM,2036,25.5,432543,0.25,0.2,0.0,0.0,0.33
NIGERIA,ZAMFARA,BUKKUYUM,AFRO:NIGERIA:ZAMFARA:BUKKUYUM,2037,25.1,440090,0.25,0.2,0.0,0.0,0.33
NIGERIA,ZAMFARA,BUKKUYUM,AFRO:NIGERIA:ZAMFARA:BUKKUYUM,2038,24.7,447334,0.25,0.2,0.0,0.0,0.33
NIGERIA,ZAMFARA,BUKKUYUM,AFRO:NIGERIA:ZAMFARA:BUKKUYUM,2039,24.3,454880,0.25,0.2,0.0,0.0,0.33
NIGERIA,ZAMFARA,BUNGUDU,AFRO:NIGERIA:ZAMFARA:BUNGUDU,2010,37.8,400647,0.25,0.2,0.0,0.0,0.33
NIGERIA,ZAMFARA,BUNGUDU,AFRO:NIGERIA:ZAMFARA:BUNGUDU,2011,37.0,411939,0.25,0.2,0.0,0.0,0.33
NIGERIA,ZAMFARA,BUNGUDU,AFRO:NIGERIA:ZAMFARA:BUNGUDU,2012,36.2,423723,0.25,0.2,0.0,0.0,0.33
NIGERIA,ZAMFARA,BUNGUDU,AFRO:NIGERIA:ZAMFARA:BUNGUDU,2013,35.4,435016,0.25,0.2,0.0,0.0,0.33
NIGERIA,ZAMFARA,BUNGUDU,AFRO:NIGERIA:ZAMFARA:BUNGUDU,2014,34.6,446799,0.25,0.2,0.0,0.0,0.33
NIGERIA,ZAMFARA,BUNGUDU,AFRO:NIGERIA:ZAMFARA:BUNGUDU,2015,33.8,458583,0.25,0.2,0.0,0.0,0.33
NIGERIA,ZAMFARA,BUNGUDU,AFRO:NIGERIA:ZAMFARA:BUNGUDU,2016,33.3,469385,0.25,0.2,0.0,0.0,0.33
NIGERIA,ZAMFARA,BUNGUDU,AFRO:NIGERIA:ZAMFARA:BUNGUDU,2017,32.7,480678,0.25,0.2,0.0,0.0,0.33
NIGERIA,ZAMFARA,BUNGUDU,AFRO:NIGERIA:ZAMFARA:BUNGUDU,2018,32.1,491970,0.25,0.2,0.0,0.0,0.33
NIGERIA,ZAMFARA,BUNGUDU,AFRO:NIGERIA:ZAMFARA:BUNGUDU,2019,31.6,503263,0.25,0.2,0.0,0.0,0.33
NIGERIA,ZAMFARA,BUNGUDU,AFRO:NIGERIA:ZAMFARA:BUNGUDU,2020,31.0,514556,0.25,0.2,0.0,0.0,0.33
NIGERIA,ZAMFARA,BUNGUDU,AFRO:NIGERIA:ZAMFARA:BUNGUDU,2021,30.7,525849,0.25,0.2,0.0,0.0,0.33
NIGERIA,ZAMFARA,BUNGUDU,AFRO:NIGERIA:ZAMFARA:BUNGUDU,2022,30.4,537141,0.25,0.2,0.0,0.0,0.33
NIGERIA,ZAMFARA,BUNGUDU,AFRO:NIGERIA:ZAMFARA:BUNGUDU,2023,30.1,548434,0.25,0.2,0.0,0.0,0.33
NIGERIA,ZAMFARA,BUNGUDU,AFRO:NIGERIA:ZAMFARA:BUNGUDU,2024,29.7,559727,0.25,0.2,0.0,0.0,0.33
NIGERIA,ZAMFARA,BUNGUDU,AFRO:NIGERIA:ZAMFARA:BUNGUDU,2025,29.4,571020,0.25,0.2,0.0,0.0,0.33
NIGERIA,ZAMFARA,BUNGUDU,AFRO:NIGERIA:ZAMFARA:BUNGUDU,2026,29.1,582803,0.25,0.2,0.0,0.0,0.33
NIGERIA,ZAMFARA,BUNGUDU,AFRO:NIGERIA:ZAMFARA:BUNGUDU,2027,28.8,595078,0.25,0.2,0.0,0.0,0.33
NIGERIA,ZAMFARA,BUNGUDU,AFRO:NIGERIA:ZAMFARA:BUNGUDU,2028,28.4,606862,0.25,0.2,0.0,0.0,0.33
NIGERIA,ZAMFARA,BUNGUDU,AFRO:NIGERIA:ZAMFARA:BUNGUDU,2029,28.1,618646,0.25,0.2,0.0,0.0,0.33
NIGERIA,ZAMFARA,BUNGUDU,AFRO:NIGERIA:ZAMFARA:BUNGUDU,2030,27.8,630920,0.25,0.2,0.0,0.0,0.33
NIGERIA,ZAMFARA,BUNGUDU,AFRO:NIGERIA:ZAMFARA:BUNGUDU,2031,27.4,642704,0.25,0.2,0.0,0.0,0.33
NIGERIA,ZAMFARA,BUNGUDU,AFRO:NIGERIA:ZAMFARA:BUNGUDU,2032,27.0,654979,0.25,0.2,0.0,0.0,0.33
NIGERIA,ZAMFARA,BUNGUDU,AFRO:NIGERIA:ZAMFARA:BUNGUDU,2033,26.6,667254,0.25,0.2,0.0,0.0,0.33
NIGERIA,ZAMFARA,BUNGUDU,AFRO:NIGERIA:ZAMFARA:BUNGUDU,2034,26.3,679528,0.25,0.2,0.0,0.0,0.33
NIGERIA,ZAMFARA,BUNGUDU,AFRO:NIGERIA:ZAMFARA:BUNGUDU,2035,25.9,691803,0.25,0.2,0.0,0.0,0.33
NIGERIA,ZAMFARA,BUNGUDU,AFRO:NIGERIA:ZAMFARA:BUNGUDU,2036,25.5,703587,0.25,0.2,0.0,0.0,0.33
NIGERIA,ZAMFARA,BUNGUDU,AFRO:NIGERIA:ZAMFARA:BUNGUDU,2037,25.1,715861,0.25,0.2,0.0,0.0,0.33
NIGERIA,ZAMFARA,BUNGUDU,AFRO:NIGERIA:ZAMFARA:BUNGUDU,2038,24.7,727645,0.25,0.2,0.0,0.0,0.33
NIGERIA,ZAMFARA,BUNGUDU,AFRO:NIGERIA:ZAMFARA:BUNGUDU,2039,24.3,739920,0.25,0.2,0.0,0.0,0.33
NIGERIA,ZAMFARA,GUMMI,AFRO:NIGERIA:ZAMFARA:GUMMI,2010,37.8,213640,0.25,0.2,0.0,0.0,0.33
NIGERIA,ZAMFARA,GUMMI,AFRO:NIGERIA:ZAMFARA:GUMMI,2011,37.0,219661,0.25,0.2,0.0,0.0,0.33
NIGERIA,ZAMFARA,GUMMI,AFRO:NIGERIA:ZAMFARA:GUMMI,2012,36.2,225945,0.25,0.2,0.0,0.0,0.33
NIGERIA,ZAMFARA,GUMMI,AFRO:NIGERIA:ZAMFARA:GUMMI,2013,35.4,231967,0.25,0.2,0.0,0.0,0.33
NIGERIA,ZAMFARA,GUMMI,AFRO:NIGERIA:ZAMFARA:GUMMI,2014,34.6,238250,0.25,0.2,0.0,0.0,0.33
NIGERIA,ZAMFARA,GUMMI,AFRO:NIGERIA:ZAMFARA:GUMMI,2015,33.8,244534,0.25,0.2,0.0,0.0,0.33
NIGERIA,ZAMFARA,GUMMI,AFRO:NIGERIA:ZAMFARA:GUMMI,2016,33.3,250294,0.25,0.2,0.0,0.0,0.33
NIGERIA,ZAMFARA,GUMMI,AFRO:NIGERIA:ZAMFARA:GUMMI,2017,32.7,256315,0.25,0.2,0.0,0.0,0.33
NIGERIA,ZAMFARA,GUMMI,AFRO:NIGERIA:ZAMFARA:GUMMI,2018,32.1,262337,0.25,0.2,0.0,0.0,0.33
NIGERIA,ZAMFARA,GUMMI,AFRO:NIGERIA:ZAMFARA:GUMMI,2019,31.6,268359,0.25,0.2,0.0,0.0,0.33
NIGERIA,ZAMFARA,GUMMI,AFRO:NIGERIA:ZAMFARA:GUMMI,2020,31.0,274381,0.25,0.2,0.0,0.0,0.33
NIGERIA,ZAMFARA,GUMMI,AFRO:NIGERIA:ZAMFARA:GUMMI,2021,30.7,280402,0.25,0.2,0.0,0.0,0.33
NIGERIA,ZAMFARA,GUMMI,AFRO:NIGERIA:ZAMFARA:GUMMI,2022,30.4,286424,0.25,0.2,0.0,0.0,0.33
NIGERIA,ZAMFARA,GUMMI,AFRO:NIGERIA:ZAMFARA:GUMMI,2023,30.1,292446,0.25,0.2,0.0,0.0,0.33
NIGERIA,ZAMFARA,GUMMI,AFRO:NIGERIA:ZAMFARA:GUMMI,2024,29.7,298467,0.25,0.2,0.0,0.0,0.33
NIGERIA,ZAMFARA,GUMMI,AFRO:NIGERIA:ZAMFARA:GUMMI,2025,29.4,304489,0.25,0.2,0.0,0.0,0.33
NIGERIA,ZAMFARA,GUMMI,AFRO:NIGERIA:ZAMFARA:GUMMI,2026,29.1,310773,0.25,0.2,0.0,0.0,0.33
NIGERIA,ZAMFARA,GUMMI,AFRO:NIGERIA:ZAMFARA:GUMMI,2027,28.8,317318,0.25,0.2,0.0,0.0,0.33
NIGERIA,ZAMFARA,GUMMI,AFRO:NIGERIA:ZAMFARA:GUMMI,2028,28.4,323602,0.25,0.2,0.0,0.0,0.33
NIGERIA,ZAMFARA,GUMMI,AFRO:NIGERIA:ZAMFARA:GUMMI,2029,28.1,329885,0.25,0.2,0.0,0.0,0.33
NIGERIA,ZAMFARA,GUMMI,AFRO:NIGERIA:ZAMFARA:GUMMI,2030,27.8,336430,0.25,0.2,0.0,0.0,0.33
NIGERIA,ZAMFARA,GUMMI,AFRO:NIGERIA:ZAMFARA:GUMMI,2031,27.4,342714,0.25,0.2,0.0,0.0,0.33
NIGERIA,ZAMFARA,GUMMI,AFRO:NIGERIA:ZAMFARA:GUMMI,2032,27.0,349259,0.25,0.2,0.0,0.0,0.33
NIGERIA,ZAMFARA,GUMMI,AFRO:NIGERIA:ZAMFARA:GUMMI,2033,26.6,355805,0.25,0.2,0.0,0.0,0.33
NIGERIA,ZAMFARA,GUMMI,AFRO:NIGERIA:ZAMFARA:GUMMI,2034,26.3,362350,0.25,0.2,0.0,0.0,0.33
NIGERIA,ZAMFARA,GUMMI,AFRO:NIGERIA:ZAMFARA:GUMMI,2035,25.9,368895,0.25,0.2,0.0,0.0,0.33
NIGERIA,ZAMFARA,GUMMI,AFRO:NIGERIA:ZAMFARA:GUMMI,2036,25.5,375179,0.25,0.2,0.0,0.0,0.33
NIGERIA,ZAMFARA,GUMMI,AFRO:NIGERIA:ZAMFARA:GUMMI,2037,25.1,381724,0.25,0.2,0.0,0.0,0.33
NIGERIA,ZAMFARA,GUMMI,AFRO:NIGERIA:ZAMFARA:GUMMI,2038,24.7,388008,0.25,0.2,0.0,0.0,0.33
NIGERIA,ZAMFARA,GUMMI,AFRO:NIGERIA:ZAMFARA:GUMMI,2039,24.3,394553,0.25,0.2,0.0,0.0,0.33
NIGERIA,ZAMFARA,GUSAU,AFRO:NIGERIA:ZAMFARA:GUSAU,2010,37.8,402361,0.25,0.2,0.0,0.0,0.33
NIGERIA,ZAMFARA,GUSAU,AFRO:NIGERIA:ZAMFARA:GUSAU,2011,37.0,413702,0.25,0.2,0.0,0.0,0.33
NIGERIA,ZAMFARA,GUSAU,AFRO:NIGERIA:ZAMFARA:GUSAU,2012,36.2,425536,0.25,0.2,0.0,0.0,0.33
NIGERIA,ZAMFARA,GUSAU,AFRO:NIGERIA:ZAMFARA:GUSAU,2013,35.4,436877,0.25,0.2,0.0,0.0,0.33
NIGERIA,ZAMFARA,GUSAU,AFRO:NIGERIA:ZAMFARA:GUSAU,2014,34.6,448711,0.25,0.2,0.0,0.0,0.33
NIGERIA,ZAMFARA,GUSAU,AFRO:NIGERIA:ZAMFARA:GUSAU,2015,33.8,460546,0.25,0.2,0.0,0.0,0.33
NIGERIA,ZAMFARA,GUSAU,AFRO:NIGERIA:ZAMFARA:GUSAU,2016,33.3,471394,0.25,0.2,0.0,0.0,0.33
NIGERIA,ZAMFARA,GUSAU,AFRO:NIGERIA:ZAMFARA:GUSAU,2017,32.7,482735,0.25,0.2,0.0,0.0,0.33
NIGERIA,ZAMFARA,GUSAU,AFRO:NIGERIA:ZAMFARA:GUSAU,2018,32.1,494076,0.25,0.2,0.0,0.0,0.33
NIGERIA,ZAMFARA,GUSAU,AFRO:NIGERIA:ZAMFARA:GUSAU,2019,31.6,505417,0.25,0.2,0.0,0.0,0.33
NIGERIA,ZAMFARA,GUSAU,AFRO:NIGERIA:ZAMFARA:GUSAU,2020,31.0,516758,0.25,0.2,0.0,0.0,0.33
NIGERIA,ZAMFARA,GUSAU,AFRO:NIGERIA:ZAMFARA:GUSAU,2021,30.7,528099,0.25,0.2,0.0,0.0,0.33
NIGERIA,ZAMFARA,GUSAU,AFRO:NIGERIA:ZAMFARA:GUSAU,2022,30.4,539440,0.25,0.2,0.0,0.0,0.33
NIGERIA,ZAMFARA,GUSAU,AFRO:NIGERIA:ZAMFARA:GUSAU,2023,30.1,550781,0.25,0.2,0.0,0.0,0.33
NIGERIA,ZAMFARA,GUSAU,AFRO:NIGERIA:ZAMFARA:GUSAU,2024,29.7,562122,0.25,0.2,0.0,0.0,0.33
NIGERIA,ZAMFARA,GUSAU,AFRO:NIGERIA:ZAMFARA:GUSAU,2025,29.4,573463,0.25,0.2,0.0,0.0,0.33
NIGERIA,ZAMFARA,GUSAU,AFRO:NIGERIA:ZAMFARA:GUSAU,2026,29.1,585297,0.25,0.2,0.0,0.0,0.33
NIGERIA,ZAMFARA,GUSAU,AFRO:NIGERIA:ZAMFARA:GUSAU,2027,28.8,597625,0.25,0.2,0.0,0.0,0.33
NIGERIA,ZAMFARA,GUSAU,AFRO:NIGERIA:ZAMFARA:GUSAU,2028,28.4,609459,0.25,0.2,0.0,0.0,0.33
NIGERIA,ZAMFARA,GUSAU,AFRO:NIGERIA:ZAMFARA:GUSAU,2029,28.1,621293,0.25,0.2,0.0,0.0,0.33
NIGERIA,ZAMFARA,GUSAU,AFRO:NIGERIA:ZAMFARA:GUSAU,2030,27.8,633620,0.25,0.2,0.0,0.0,0.33
NIGERIA,ZAMFARA,GUSAU,AFRO:NIGERIA:ZAMFARA:GUSAU,2031,27.4,645454,0.25,0.2,0.0,0.0,0.33
NIGERIA,ZAMFARA,GUSAU,AFRO:NIGERIA:ZAMFARA:GUSAU,2032,27.0,657782,0.25,0.2,0.0,0.0,0.33
NIGERIA,ZAMFARA,GUSAU,AFRO:NIGERIA:ZAMFARA:GUSAU,2033,26.6,670109,0.25,0.2,0.0,0.0,0.33
NIGERIA,ZAMFARA,GUSAU,AFRO:NIGERIA:ZAMFARA:GUSAU,2034,26.3,682436,0.25,0.2,0.0,0.0,0.33
NIGERIA,ZAMFARA,GUSAU,AFRO:NIGERIA:ZAMFARA:GUSAU,2035,25.9,694763,0.25,0.2,0.0,0.0,0.33
NIGERIA,ZAMFARA,GUSAU,AFRO:NIGERIA:ZAMFARA:GUSAU,2036,25.5,706597,0.25,0.2,0.0,0.0,0.33
NIGERIA,ZAMFARA,GUSAU,AFRO:NIGERIA:ZAMFARA:GUSAU,2037,25.1,718925,0.25,0.2,0.0,0.0,0.33
NIGERIA,ZAMFARA,GUSAU,AFRO:NIGERIA:ZAMFARA:GUSAU,2038,24.7,730759,0.25,0.2,0.0,0.0,0.33
NIGERIA,ZAMFARA,GUSAU,AFRO:NIGERIA:ZAMFARA:GUSAU,2039,24.3,743086,0.25,0.2,0.0,0.0,0.33
NIGERIA,ZAMFARA,KAURA_NAMODA,AFRO:NIGERIA:ZAMFARA:KAURA_NAMODA,2010,37.8,370149,0.25,0.2,0.0,0.0,0.33
NIGERIA,ZAMFARA,KAURA_NAMODA,AFRO:NIGERIA:ZAMFARA:KAURA_NAMODA,2011,37.0,380582,0.25,0.2,0.0,0.0,0.33
NIGERIA,ZAMFARA,KAURA_NAMODA,AFRO:NIGERIA:ZAMFARA:KAURA_NAMODA,2012,36.2,391468,0.25,0.2,0.0,0.0,0.33
NIGERIA,ZAMFARA,KAURA_NAMODA,AFRO:NIGERIA:ZAMFARA:KAURA_NAMODA,2013,35.4,401902,0.25,0.2,0.0,0.0,0.33
NIGERIA,ZAMFARA,KAURA_NAMODA,AFRO:NIGERIA:ZAMFARA:KAURA_NAMODA,2014,34.6,412788,0.25,0.2,0.0,0.0,0.33
NIGERIA,ZAMFARA,KAURA_NAMODA,AFRO:NIGERIA:ZAMFARA:KAURA_NAMODA,2015,33.8,423675,0.25,0.2,0.0,0.0,0.33
NIGERIA,ZAMFARA,KAURA_NAMODA,AFRO:NIGERIA:ZAMFARA:KAURA_NAMODA,2016,33.3,433654,0.25,0.2,0.0,0.0,0.33
NIGERIA,ZAMFARA,KAURA_NAMODA,AFRO:NIGERIA:ZAMFARA:KAURA_NAMODA,2017,32.7,444088,0.25,0.2,0.0,0.0,0.33
NIGERIA,ZAMFARA,KAURA_NAMODA,AFRO:NIGERIA:ZAMFARA:KAURA_NAMODA,2018,32.1,454521,0.25,0.2,0.0,0.0,0.33
NIGERIA,ZAMFARA,KAURA_NAMODA,AFRO:NIGERIA:ZAMFARA:KAURA_NAMODA,2019,31.6,464954,0.25,0.2,0.0,0.0,0.33
NIGERIA,ZAMFARA,KAURA_NAMODA,AFRO:NIGERIA:ZAMFARA:KAURA_NAMODA,2020,31.0,475387,0.25,0.2,0.0,0.0,0.33
NIGERIA,ZAMFARA,KAURA_NAMODA,AFRO:NIGERIA:ZAMFARA:KAURA_NAMODA,2021,30.7,485820,0.25,0.2,0.0,0.0,0.33
NIGERIA,ZAMFARA,KAURA_NAMODA,AFRO:NIGERIA:ZAMFARA:KAURA_NAMODA,2022,30.4,496253,0.25,0.2,0.0,0.0,0.33
NIGERIA,ZAMFARA,KAURA_NAMODA,AFRO:NIGERIA:ZAMFARA:KAURA_NAMODA,2023,30.1,506686,0.25,0.2,0.0,0.0,0.33
NIGERIA,ZAMFARA,KAURA_NAMODA,AFRO:NIGERIA:ZAMFARA:KAURA_NAMODA,2024,29.7,517119,0.25,0.2,0.0,0.0,0.33
NIGERIA,ZAMFARA,KAURA_NAMODA,AFRO:NIGERIA:ZAMFARA:KAURA_NAMODA,2025,29.4,527553,0.25,0.2,0.0,0.0,0.33
NIGERIA,ZAMFARA,KAURA_NAMODA,AFRO:NIGERIA:ZAMFARA:KAURA_NAMODA,2026,29.1,538439,0.25,0.2,0.0,0.0,0.33
NIGERIA,ZAMFARA,KAURA_NAMODA,AFRO:NIGERIA:ZAMFARA:KAURA_NAMODA,2027,28.8,549780,0.25,0.2,0.0,0.0,0.33
NIGERIA,ZAMFARA,KAURA_NAMODA,AFRO:NIGERIA:ZAMFARA:KAURA_NAMODA,2028,28.4,560666,0.25,0.2,0.0,0.0,0.33
NIGERIA,ZAMFARA,KAURA_NAMODA,AFRO:NIGERIA:ZAMFARA:KAURA_NAMODA,2029,28.1,571553,0.25,0.2,0.0,0.0,0.33
NIGERIA,ZAMFARA,KAURA_NAMODA,AFRO:NIGERIA:ZAMFARA:KAURA_NAMODA,2030,27.8,582893,0.25,0.2,0.0,0.0,0.33
NIGERIA,ZAMFARA,KAURA_NAMODA,AFRO:NIGERIA:ZAMFARA:KAURA_NAMODA,2031,27.4,593780,0.25,0.2,0.0,0.0,0.33
NIGERIA,ZAMFARA,KAURA_NAMODA,AFRO:NIGERIA:ZAMFARA:KAURA_NAMODA,2032,27.0,605121,0.25,0.2,0.0,0.0,0.33
NIGERIA,ZAMFARA,KAURA_NAMODA,AFRO:NIGERIA:ZAMFARA:KAURA_NAMODA,2033,26.6,616461,0.25,0.2,0.0,0.0,0.33
NIGERIA,ZAMFARA,KAURA_NAMODA,AFRO:NIGERIA:ZAMFARA:KAURA_NAMODA,2034,26.3,627801,0.25,0.2,0.0,0.0,0.33
NIGERIA,ZAMFARA,KAURA_NAMODA,AFRO:NIGERIA:ZAMFARA:KAURA_NAMODA,2035,25.9,639142,0.25,0.2,0.0,0.0,0.33
NIGERIA,ZAMFARA,KAURA_NAMODA,AFRO:NIGERIA:ZAMFARA:KAURA_NAMODA,2036,25.5,650028,0.25,0.2,0.0,0.0,0.33
NIGERIA,ZAMFARA,KAURA_NAMODA,AFRO:NIGERIA:ZAMFARA:KAURA_NAMODA,2037,25.1,661369,0.25,0.2,0.0,0.0,0.33
NIGERIA,ZAMFARA,KAURA_NAMODA,AFRO:NIGERIA:ZAMFARA:KAURA_NAMODA,2038,24.7,672255,0.25,0.2,0.0,0.0,0.33
NIGERIA,ZAMFARA,KAURA_NAMODA,AFRO:NIGERIA:ZAMFARA:KAURA_NAMODA,2039,24.3,683596,0.25,0.2,0.0,0.0,0.33
NIGERIA,ZAMFARA,MARADUN,AFRO:NIGERIA:ZAMFARA:MARADUN,2010,37.8,313034,0.25,0.2,0.0,0.0,0.33
NIGERIA,ZAMFARA,MARADUN,AFRO:NIGERIA:ZAMFARA:MARADUN,2011,37.0,321858,0.25,0.2,0.0,0.0,0.33
NIGERIA,ZAMFARA,MARADUN,AFRO:NIGERIA:ZAMFARA:MARADUN,2012,36.2,331064,0.25,0.2,0.0,0.0,0.33
NIGERIA,ZAMFARA,MARADUN,AFRO:NIGERIA:ZAMFARA:MARADUN,2013,35.4,339888,0.25,0.2,0.0,0.0,0.33
NIGERIA,ZAMFARA,MARADUN,AFRO:NIGERIA:ZAMFARA:MARADUN,2014,34.6,349095,0.25,0.2,0.0,0.0,0.33
NIGERIA,ZAMFARA,MARADUN,AFRO:NIGERIA:ZAMFARA:MARADUN,2015,33.8,358302,0.25,0.2,0.0,0.0,0.33
NIGERIA,ZAMFARA,MARADUN,AFRO:NIGERIA:ZAMFARA:MARADUN,2016,33.3,366741,0.25,0.2,0.0,0.0,0.33
NIGERIA,ZAMFARA,MARADUN,AFRO:NIGERIA:ZAMFARA:MARADUN,2017,32.7,375564,0.25,0.2,0.0,0.0,0.33
NIGERIA,ZAMFARA,MARADUN,AFRO:NIGERIA:ZAMFARA:MARADUN,2018,32.1,384388,0.25,0.2,0.0,0.0,0.33
NIGERIA,ZAMFARA,MARADUN,AFRO:NIGERIA:ZAMFARA:MARADUN,2019,31.6,393211,0.25,0.2,0.0,0.0,0.33
NIGERIA,ZAMFARA,MARADUN,AFRO:NIGERIA:ZAMFARA:MARADUN,2020,31.0,402034,0.25,0.2,0.0,0.0,0.33
NIGERIA,ZAMFARA,MARADUN,AFRO:NIGERIA:ZAMFARA:MARADUN,2021,30.7,410858,0.25,0.2,0.0,0.0,0.33
NIGERIA,ZAMFARA,MARADUN,AFRO:NIGERIA:ZAMFARA:MARADUN,2022,30.4,419681,0.25,0.2,0.0,0.0,0.33
NIGERIA,ZAMFARA,MARADUN,AFRO:NIGERIA:ZAMFARA:MARADUN,2023,30.1,428504,0.25,0.2,0.0,0.0,0.33
NIGERIA,ZAMFARA,MARADUN,AFRO:NIGERIA:ZAMFARA:MARADUN,2024,29.7,437327,0.25,0.2,0.0,0.0,0.33
NIGERIA,ZAMFARA,MARADUN,AFRO:NIGERIA:ZAMFARA:MARADUN,2025,29.4,446151,0.25,0.2,0.0,0.0,0.33
NIGERIA,ZAMFARA,MARADUN,AFRO:NIGERIA:ZAMFARA:MARADUN,2026,29.1,455358,0.25,0.2,0.0,0.0,0.33
NIGERIA,ZAMFARA,MARADUN,AFRO:NIGERIA:ZAMFARA:MARADUN,2027,28.8,464948,0.25,0.2,0.0,0.0,0.33
NIGERIA,ZAMFARA,MARADUN,AFRO:NIGERIA:ZAMFARA:MARADUN,2028,28.4,474155,0.25,0.2,0.0,0.0,0.33
NIGERIA,ZAMFARA,MARADUN,AFRO:NIGERIA:ZAMFARA:MARADUN,2029,28.1,483362,0.25,0.2,0.0,0.0,0.33
NIGERIA,ZAMFARA,MARADUN,AFRO:NIGERIA:ZAMFARA:MARADUN,2030,27.8,492952,0.25,0.2,0.0,0.0,0.33
NIGERIA,ZAMFARA,MARADUN,AFRO:NIGERIA:ZAMFARA:MARADUN,2031,27.4,502159,0.25,0.2,0.0,0.0,0.33
NIGERIA,ZAMFARA,MARADUN,AFRO:NIGERIA:ZAMFARA:MARADUN,2032,27.0,511750,0.25,0.2,0.0,0.0,0.33
NIGERIA,ZAMFARA,MARADUN,AFRO:NIGERIA:ZAMFARA:MARADUN,2033,26.6,521340,0.25,0.2,0.0,0.0,0.33
NIGERIA,ZAMFARA,MARADUN,AFRO:NIGERIA:ZAMFARA:MARADUN,2034,26.3,530931,0.25,0.2,0.0,0.0,0.33
NIGERIA,ZAMFARA,MARADUN,AFRO:NIGERIA:ZAMFARA:MARADUN,2035,25.9,540521,0.25,0.2,0.0,0.0,0.33
NIGERIA,ZAMFARA,MARADUN,AFRO:NIGERIA:ZAMFARA:MARADUN,2036,25.5,549728,0.25,0.2,0.0,0.0,0.33
NIGERIA,ZAMFARA,MARADUN,AFRO:NIGERIA:ZAMFARA:MARADUN,2037,25.1,559319,0.25,0.2,0.0,0.0,0.33
NIGERIA,ZAMFARA,MARADUN,AFRO:NIGERIA:ZAMFARA:MARADUN,2038,24.7,568526,0.25,0.2,0.0,0.0,0.33
NIGERIA,ZAMFARA,MARADUN,AFRO:NIGERIA:ZAMFARA:MARADUN,2039,24.3,578116,0.25,0.2,0.0,0.0,0.33
NIGERIA,ZAMFARA,MARU,AFRO:NIGERIA:ZAMFARA:MARU,2010,37.8,314635,0.25,0.2,0.0,0.0,0.33
NIGERIA,ZAMFARA,MARU,AFRO:NIGERIA:ZAMFARA:MARU,2011,37.0,323504,0.25,0.2,0.0,0.0,0.33
NIGERIA,ZAMFARA,MARU,AFRO:NIGERIA:ZAMFARA:MARU,2012,36.2,332758,0.25,0.2,0.0,0.0,0.33
NIGERIA,ZAMFARA,MARU,AFRO:NIGERIA:ZAMFARA:MARU,2013,35.4,341626,0.25,0.2,0.0,0.0,0.33
NIGERIA,ZAMFARA,MARU,AFRO:NIGERIA:ZAMFARA:MARU,2014,34.6,350880,0.25,0.2,0.0,0.0,0.33
NIGERIA,ZAMFARA,MARU,AFRO:NIGERIA:ZAMFARA:MARU,2015,33.8,360134,0.25,0.2,0.0,0.0,0.33
NIGERIA,ZAMFARA,MARU,AFRO:NIGERIA:ZAMFARA:MARU,2016,33.3,368617,0.25,0.2,0.0,0.0,0.33
NIGERIA,ZAMFARA,MARU,AFRO:NIGERIA:ZAMFARA:MARU,2017,32.7,377485,0.25,0.2,0.0,0.0,0.33
NIGERIA,ZAMFARA,MARU,AFRO:NIGERIA:ZAMFARA:MARU,2018,32.1,386354,0.25,0.2,0.0,0.0,0.33
NIGERIA,ZAMFARA,MARU,AFRO:NIGERIA:ZAMFARA:MARU,2019,31.6,395222,0.25,0.2,0.0,0.0,0.33
NIGERIA,ZAMFARA,MARU,AFRO:NIGERIA:ZAMFARA:MARU,2020,31.0,404090,0.25,0.2,0.0,0.0,0.33
NIGERIA,ZAMFARA,MARU,AFRO:NIGERIA:ZAMFARA:MARU,2021,30.7,412959,0.25,0.2,0.0,0.0,0.33
NIGERIA,ZAMFARA,MARU,AFRO:NIGERIA:ZAMFARA:MARU,2022,30.4,421827,0.25,0.2,0.0,0.0,0.33
NIGERIA,ZAMFARA,MARU,AFRO:NIGERIA:ZAMFARA:MARU,2023,30.1,430696,0.25,0.2,0.0,0.0,0.33
NIGERIA,ZAMFARA,MARU,AFRO:NIGERIA:ZAMFARA:MARU,2024,29.7,439564,0.25,0.2,0.0,0.0,0.33
NIGERIA,ZAMFARA,MARU,AFRO:NIGERIA:ZAMFARA:MARU,2025,29.4,448433,0.25,0.2,0.0,0.0,0.33
NIGERIA,ZAMFARA,MARU,AFRO:NIGERIA:ZAMFARA:MARU,2026,29.1,457687,0.25,0.2,0.0,0.0,0.33
NIGERIA,ZAMFARA,MARU,AFRO:NIGERIA:ZAMFARA:MARU,2027,28.8,467326,0.25,0.2,0.0,0.0,0.33
NIGERIA,ZAMFARA,MARU,AFRO:NIGERIA:ZAMFARA:MARU,2028,28.4,476580,0.25,0.2,0.0,0.0,0.33
NIGERIA,ZAMFARA,MARU,AFRO:NIGERIA:ZAMFARA:MARU,2029,28.1,485834,0.25,0.2,0.0,0.0,0.33
NIGERIA,ZAMFARA,MARU,AFRO:NIGERIA:ZAMFARA:MARU,2030,27.8,495474,0.25,0.2,0.0,0.0,0.33
NIGERIA,ZAMFARA,MARU,AFRO:NIGERIA:ZAMFARA:MARU,2031,27.4,504728,0.25,0.2,0.0,0.0,0.33
NIGERIA,ZAMFARA,MARU,AFRO:NIGERIA:ZAMFARA:MARU,2032,27.0,514367,0.25,0.2,0.0,0.0,0.33
NIGERIA,ZAMFARA,MARU,AFRO:NIGERIA:ZAMFARA:MARU,2033,26.6,524007,0.25,0.2,0.0,0.0,0.33
NIGERIA,ZAMFARA,MARU,AFRO:NIGERIA:ZAMFARA:MARU,2034,26.3,533646,0.25,0.2,0.0,0.0,0.33
NIGERIA,ZAMFARA,MARU,AFRO:NIGERIA:ZAMFARA:MARU,2035,25.9,543286,0.25,0.2,0.0,0.0,0.33
NIGERIA,ZAMFARA,MARU,AFRO:NIGERIA:ZAMFARA:MARU,2036,25.5,552540,0.25,0.2,0.0,0.0,0.33
NIGERIA,ZAMFARA,MARU,AFRO:NIGERIA:ZAMFARA:MARU,2037,25.1,562180,0.25,0.2,0.0,0.0,0.33
NIGERIA,ZAMFARA,MARU,AFRO:NIGERIA:ZAMFARA:MARU,2038,24.7,571434,0.25,0.2,0.0,0.0,0.33
NIGERIA,ZAMFARA,MARU,AFRO:NIGERIA:ZAMFARA:MARU,2039,24.3,581073,0.25,0.2,0.0,0.0,0.33
NIGERIA,ZAMFARA,SHINKAFI,AFRO:NIGERIA:ZAMFARA:SHINKAFI,2010,37.8,132015,0.25,0.2,0.0,0.0,0.33
NIGERIA,ZAMFARA,SHINKAFI,AFRO:NIGERIA:ZAMFARA:SHINKAFI,2011,37.0,135736,0.25,0.2,0.0,0.0,0.33
NIGERIA,ZAMFARA,SHINKAFI,AFRO:NIGERIA:ZAMFARA:SHINKAFI,2012,36.2,139619,0.25,0.2,0.0,0.0,0.33
NIGERIA,ZAMFARA,SHINKAFI,AFRO:NIGERIA:ZAMFARA:SHINKAFI,2013,35.4,143340,0.25,0.2,0.0,0.0,0.33
NIGERIA,ZAMFARA,SHINKAFI,AFRO:NIGERIA:ZAMFARA:SHINKAFI,2014,34.6,147223,0.25,0.2,0.0,0.0,0.33
NIGERIA,ZAMFARA,SHINKAFI,AFRO:NIGERIA:ZAMFARA:SHINKAFI,2015,33.8,151106,0.25,0.2,0.0,0.0,0.33
NIGERIA,ZAMFARA,SHINKAFI,AFRO:NIGERIA:ZAMFARA:SHINKAFI,2016,33.3,154665,0.25,0.2,0.0,0.0,0.33
NIGERIA,ZAMFARA,SHINKAFI,AFRO:NIGERIA:ZAMFARA:SHINKAFI,2017,32.7,158386,0.25,0.2,0.0,0.0,0.33
NIGERIA,ZAMFARA,SHINKAFI,AFRO:NIGERIA:ZAMFARA:SHINKAFI,2018,32.1,162107,0.25,0.2,0.0,0.0,0.33
NIGERIA,ZAMFARA,SHINKAFI,AFRO:NIGERIA:ZAMFARA:SHINKAFI,2019,31.6,165828,0.25,0.2,0.0,0.0,0.33
NIGERIA,ZAMFARA,SHINKAFI,AFRO:NIGERIA:ZAMFARA:SHINKAFI,2020,31.0,169549,0.25,0.2,0.0,0.0,0.33
NIGERIA,ZAMFARA,SHINKAFI,AFRO:NIGERIA:ZAMFARA:SHINKAFI,2021,30.7,173270,0.25,0.2,0.0,0.0,0.33
NIGERIA,ZAMFARA,SHINKAFI,AFRO:NIGERIA:ZAMFARA:SHINKAFI,2022,30.4,176991,0.25,0.2,0.0,0.0,0.33
NIGERIA,ZAMFARA,SHINKAFI,AFRO:NIGERIA:ZAMFARA:SHINKAFI,2023,30.1,180712,0.25,0.2,0.0,0.0,0.33
NIGERIA,ZAMFARA,SHINKAFI,AFRO:NIGERIA:ZAMFARA:SHINKAFI,2024,29.7,184433,0.25,0.2,0.0,0.0,0.33
NIGERIA,ZAMFARA,SHINKAFI,AFRO:NIGERIA:ZAMFARA:SHINKAFI,2025,29.4,188154,0.25,0.2,0.0,0.0,0.33
NIGERIA,ZAMFARA,SHINKAFI,AFRO:NIGERIA:ZAMFARA:SHINKAFI,2026,29.1,192037,0.25,0.2,0.0,0.0,0.33
NIGERIA,ZAMFARA,SHINKAFI,AFRO:NIGERIA:ZAMFARA:SHINKAFI,2027,28.8,196082,0.25,0.2,0.0,0.0,0.33
NIGERIA,ZAMFARA,SHINKAFI,AFRO:NIGERIA:ZAMFARA:SHINKAFI,2028,28.4,199965,0.25,0.2,0.0,0.0,0.33
NIGERIA,ZAMFARA,SHINKAFI,AFRO:NIGERIA:ZAMFARA:SHINKAFI,2029,28.1,203847,0.25,0.2,0.0,0.0,0.33
NIGERIA,ZAMFARA,SHINKAFI,AFRO:NIGERIA:ZAMFARA:SHINKAFI,2030,27.8,207892,0.25,0.2,0.0,0.0,0.33
NIGERIA,ZAMFARA,SHINKAFI,AFRO:NIGERIA:ZAMFARA:SHINKAFI,2031,27.4,211775,0.25,0.2,0.0,0.0,0.33
NIGERIA,ZAMFARA,SHINKAFI,AFRO:NIGERIA:ZAMFARA:SHINKAFI,2032,27.0,215819,0.25,0.2,0.0,0.0,0.33
NIGERIA,ZAMFARA,SHINKAFI,AFRO:NIGERIA:ZAMFARA:SHINKAFI,2033,26.6,219864,0.25,0.2,0.0,0.0,0.33
NIGERIA,ZAMFARA,SHINKAFI,AFRO:NIGERIA:ZAMFARA:SHINKAFI,2034,26.3,223909,0.25,0.2,0.0,0.0,0.33
NIGERIA,ZAMFARA,SHINKAFI,AFRO:NIGERIA:ZAMFARA:SHINKAFI,2035,25.9,227953,0.25,0.2,0.0,0.0,0.33
NIGERIA,ZAMFARA,SHINKAFI,AFRO:NIGERIA:ZAMFARA:SHINKAFI,2036,25.5,231836,0.25,0.2,0.0,0.0,0.33
NIGERIA,ZAMFARA,SHINKAFI,AFRO:NIGERIA:ZAMFARA:SHINKAFI,2037,25.1,235881,0.25,0.2,0.0,0.0,0.33
NIGERIA,ZAMFARA,SHINKAFI,AFRO:NIGERIA:ZAMFARA:SHINKAFI,2038,24.7,239763,0.25,0.2,0.0,0.0,0.33
NIGERIA,ZAMFARA,SHINKAFI,AFRO:NIGERIA:ZAMFARA:SHINKAFI,2039,24.3,243808,0.25,0.2,0.0,0.0,0.33
NIGERIA,ZAMFARA,TALATA_MAFARA,AFRO:NIGERIA:ZAMFARA:TALATA_MAFARA,2010,37.8,250959,0.25,0.2,0.0,0.0,0.33
NIGERIA,ZAMFARA,TALATA_MAFARA,AFRO:NIGERIA:ZAMFARA:TALATA_MAFARA,2011,37.0,258033,0.25,0.2,0.0,0.0,0.33
NIGERIA,ZAMFARA,TALATA_MAFARA,AFRO:NIGERIA:ZAMFARA:TALATA_MAFARA,2012,36.2,265414,0.25,0.2,0.0,0.0,0.33
NIGERIA,ZAMFARA,TALATA_MAFARA,AFRO:NIGERIA:ZAMFARA:TALATA_MAFARA,2013,35.4,272488,0.25,0.2,0.0,0.0,0.33
NIGERIA,ZAMFARA,TALATA_MAFARA,AFRO:NIGERIA:ZAMFARA:TALATA_MAFARA,2014,34.6,279869,0.25,0.2,0.0,0.0,0.33
NIGERIA,ZAMFARA,TALATA_MAFARA,AFRO:NIGERIA:ZAMFARA:TALATA_MAFARA,2015,33.8,287250,0.25,0.2,0.0,0.0,0.33
NIGERIA,ZAMFARA,TALATA_MAFARA,AFRO:NIGERIA:ZAMFARA:TALATA_MAFARA,2016,33.3,294016,0.25,0.2,0.0,0.0,0.33
NIGERIA,ZAMFARA,TALATA_MAFARA,AFRO:NIGERIA:ZAMFARA:TALATA_MAFARA,2017,32.7,301090,0.25,0.2,0.0,0.0,0.33
NIGERIA,ZAMFARA,TALATA_MAFARA,AFRO:NIGERIA:ZAMFARA:TALATA_MAFARA,2018,32.1,308164,0.25,0.2,0.0,0.0,0.33
NIGERIA,ZAMFARA,TALATA_MAFARA,AFRO:NIGERIA:ZAMFARA:TALATA_MAFARA,2019,31.6,315237,0.25,0.2,0.0,0.0,0.33
NIGERIA,ZAMFARA,TALATA_MAFARA,AFRO:NIGERIA:ZAMFARA:TALATA_MAFARA,2020,31.0,322311,0.25,0.2,0.0,0.0,0.33
NIGERIA,ZAMFARA,TALATA_MAFARA,AFRO:NIGERIA:ZAMFARA:TALATA_MAFARA,2021,30.7,329384,0.25,0.2,0.0,0.0,0.33
NIGERIA,ZAMFARA,TALATA_MAFARA,AFRO:NIGERIA:ZAMFARA:TALATA_MAFARA,2022,30.4,336458,0.25,0.2,0.0,0.0,0.33
NIGERIA,ZAMFARA,TALATA_MAFARA,AFRO:NIGERIA:ZAMFARA:TALATA_MAFARA,2023,30.1,343532,0.25,0.2,0.0,0.0,0.33
NIGERIA,ZAMFARA,TALATA_MAFARA,AFRO:NIGERIA:ZAMFARA:TALATA_MAFARA,2024,29.7,350605,0.25,0.2,0.0,0.0,0.33
NIGERIA,ZAMFARA,TALATA_MAFARA,AFRO:NIGERIA:ZAMFARA:TALATA_MAFARA,2025,29.4,357679,0.25,0.2,0.0,0.0,0.33
NIGERIA,ZAMFARA,TALATA_MAFARA,AFRO:NIGERIA:ZAMFARA:TALATA_MAFARA,2026,29.1,365060,0.25,0.2,0.0,0.0,0.33
NIGERIA,ZAMFARA,TALATA_MAFARA,AFRO:NIGERIA:ZAMFARA:TALATA_MAFARA,2027,28.8,372749,0.25,0.2,0.0,0.0,0.33
NIGERIA,ZAMFARA,TALATA_MAFARA,AFRO:NIGERIA:ZAMFARA:TALATA_MAFARA,2028,28.4,380130,0.25,0.2,0.0,0.0,0.33
NIGERIA,ZAMFARA,TALATA_MAFARA,AFRO:NIGERIA:ZAMFARA:TALATA_MAFARA,2029,28.1,387511,0.25,0.2,0.0,0.0,0.33
NIGERIA,ZAMFARA,TALATA_MAFARA,AFRO:NIGERIA:ZAMFARA:TALATA_MAFARA,2030,27.8,395200,0.25,0.2,0.0,0.0,0.33
NIGERIA,ZAMFARA,TALATA_MAFARA,AFRO:NIGERIA:ZAMFARA:TALATA_MAFARA,2031,27.4,402581,0.25,0.2,0.0,0.0,0.33
NIGERIA,ZAMFARA,TALATA_MAFARA,AFRO:NIGERIA:ZAMFARA:TALATA_MAFARA,2032,27.0,410270,0.25,0.2,0.0,0.0,0.33
NIGERIA,ZAMFARA,TALATA_MAFARA,AFRO:NIGERIA:ZAMFARA:TALATA_MAFARA,2033,26.6,417959,0.25,0.2,0.0,0.0,0.33
NIGERIA,ZAMFARA,TALATA_MAFARA,AFRO:NIGERIA:ZAMFARA:TALATA_MAFARA,2034,26.3,425647,0.25,0.2,0.0,0.0,0.33
NIGERIA,ZAMFARA,TALATA_MAFARA,AFRO:NIGERIA:ZAMFARA:TALATA_MAFARA,2035,25.9,433336,0.25,0.2,0.0,0.0,0.33
NIGERIA,ZAMFARA,TALATA_MAFARA,AFRO:NIGERIA:ZAMFARA:TALATA_MAFARA,2036,25.5,440717,0.25,0.2,0.0,0.0,0.33
NIGERIA,ZAMFARA,TALATA_MAFARA,AFRO:NIGERIA:ZAMFARA:TALATA_MAFARA,2037,25.1,448406,0.25,0.2,0.0,0.0,0.33
NIGERIA,ZAMFARA,TALATA_MAFARA,AFRO:NIGERIA:ZAMFARA:TALATA_MAFARA,2038,24.7,455787,0.25,0.2,0.0,0.0,0.33
NIGERIA,ZAMFARA,TALATA_MAFARA,AFRO:NIGERIA:ZAMFARA:TALATA_MAFARA,2039,24.3,463476,0.25,0.2,0.0,0.0,0.33
NIGERIA,ZAMFARA,TSAFE,AFRO:NIGERIA:ZAMFARA:TSAFE,2010,37.8,243850,0.25,0.2,0.0,0.0,0.33
NIGERIA,ZAMFARA,TSAFE,AFRO:NIGERIA:ZAMFARA:TSAFE,2011,37.0,250724,0.25,0.2,0.0,0.0,0.33
NIGERIA,ZAMFARA,TSAFE,AFRO:NIGERIA:ZAMFARA:TSAFE,2012,36.2,257896,0.25,0.2,0.0,0.0,0.33
NIGERIA,ZAMFARA,TSAFE,AFRO:NIGERIA:ZAMFARA:TSAFE,2013,35.4,264769,0.25,0.2,0.0,0.0,0.33
NIGERIA,ZAMFARA,TSAFE,AFRO:NIGERIA:ZAMFARA:TSAFE,2014,34.6,271941,0.25,0.2,0.0,0.0,0.33
NIGERIA,ZAMFARA,TSAFE,AFRO:NIGERIA:ZAMFARA:TSAFE,2015,33.8,279113,0.25,0.2,0.0,0.0,0.33
NIGERIA,ZAMFARA,TSAFE,AFRO:NIGERIA:ZAMFARA:TSAFE,2016,33.3,285688,0.25,0.2,0.0,0.0,0.33
NIGERIA,ZAMFARA,TSAFE,AFRO:NIGERIA:ZAMFARA:TSAFE,2017,32.7,292561,0.25,0.2,0.0,0.0,0.33
NIGERIA,ZAMFARA,TSAFE,AFRO:NIGERIA:ZAMFARA:TSAFE,2018,32.1,299434,0.25,0.2,0.0,0.0,0.33
NIGERIA,ZAMFARA,TSAFE,AFRO:NIGERIA:ZAMFARA:TSAFE,2019,31.6,306307,0.25,0.2,0.0,0.0,0.33
NIGERIA,ZAMFARA,TSAFE,AFRO:NIGERIA:ZAMFARA:TSAFE,2020,31.0,313181,0.25,0.2,0.0,0.0,0.33
NIGERIA,ZAMFARA,TSAFE,AFRO:NIGERIA:ZAMFARA:TSAFE,2021,30.7,320054,0.25,0.2,0.0,0.0,0.33
NIGERIA,ZAMFARA,TSAFE,AFRO:NIGERIA:ZAMFARA:TSAFE,2022,30.4,326927,0.25,0.2,0.0,0.0,0.33
NIGERIA,ZAMFARA,TSAFE,AFRO:NIGERIA:ZAMFARA:TSAFE,2023,30.1,333800,0.25,0.2,0.0,0.0,0.33
NIGERIA,ZAMFARA,TSAFE,AFRO:NIGERIA:ZAMFARA:TSAFE,2024,29.7,340674,0.25,0.2,0.0,0.0,0.33
NIGERIA,ZAMFARA,TSAFE,AFRO:NIGERIA:ZAMFARA:TSAFE,2025,29.4,347547,0.25,0.2,0.0,0.0,0.33
NIGERIA,ZAMFARA,TSAFE,AFRO:NIGERIA:ZAMFARA:TSAFE,2026,29.1,354719,0.25,0.2,0.0,0.0,0.33
NIGERIA,ZAMFARA,TSAFE,AFRO:NIGERIA:ZAMFARA:TSAFE,2027,28.8,362190,0.25,0.2,0.0,0.0,0.33
NIGERIA,ZAMFARA,TSAFE,AFRO:NIGERIA:ZAMFARA:TSAFE,2028,28.4,369362,0.25,0.2,0.0,0.0,0.33
NIGERIA,ZAMFARA,TSAFE,AFRO:NIGERIA:ZAMFARA:TSAFE,2029,28.1,376534,0.25,0.2,0.0,0.0,0.33
NIGERIA,ZAMFARA,TSAFE,AFRO:NIGERIA:ZAMFARA:TSAFE,2030,27.8,384005,0.25,0.2,0.0,0.0,0.33
NIGERIA,ZAMFARA,TSAFE,AFRO:NIGERIA:ZAMFARA:TSAFE,2031,27.4,391177,0.25,0.2,0.0,0.0,0.33
NIGERIA,ZAMFARA,TSAFE,AFRO:NIGERIA:ZAMFARA:TSAFE,2032,27.0,398648,0.25,0.2,0.0,0.0,0.33
NIGERIA,ZAMFARA,TSAFE,AFRO:NIGERIA:ZAMFARA:TSAFE,2033,26.6,406119,0.25,0.2,0.0,0.0,0.33
NIGERIA,ZAMFARA,TSAFE,AFRO:NIGERIA:ZAMFARA:TSAFE,2034,26.3,413590,0.25,0.2,0.0,0.0,0.33
NIGERIA,ZAMFARA,TSAFE,AFRO:NIGERIA:ZAMFARA:TSAFE,2035,25.9,421061,0.25,0.2,0.0,0.0,0.33
NIGERIA,ZAMFARA,TSAFE,AFRO:NIGERIA:ZAMFARA:TSAFE,2036,25.5,428233,0.25,0.2,0.0,0.0,0.33
NIGERIA,ZAMFARA,TSAFE,AFRO:NIGERIA:ZAMFARA:TSAFE,2037,25.1,435704,0.25,0.2,0.0,0.0,0.33
NIGERIA,ZAMFARA,TSAFE,AFRO:NIGERIA:ZAMFARA:TSAFE,2038,24.7,442876,0.25,0.2,0.0,0.0,0.33
NIGERIA,ZAMFARA,TSAFE,AFRO:NIGERIA:ZAMFARA:TSAFE,2039,24.3,450347,0.25,0.2,0.0,0.0,0.33
NIGERIA,ZAMFARA,ZURMI,AFRO:NIGERIA:ZAMFARA:ZURMI,2010,37.8,383955,0.25,0.2,0.0,0.0,0.33
NIGERIA,ZAMFARA,ZURMI,AFRO:NIGERIA:ZAMFARA:ZURMI,2011,37.0,394778,0.25,0.2,0.0,0.0,0.33
NIGERIA,ZAMFARA,ZURMI,AFRO:NIGERIA:ZAMFARA:ZURMI,2012,36.2,406070,0.25,0.2,0.0,0.0,0.33
NIGERIA,ZAMFARA,ZURMI,AFRO:NIGERIA:ZAMFARA:ZURMI,2013,35.4,416893,0.25,0.2,0.0,0.0,0.33
NIGERIA,ZAMFARA,ZURMI,AFRO:NIGERIA:ZAMFARA:ZURMI,2014,34.6,428185,0.25,0.2,0.0,0.0,0.33
NIGERIA,ZAMFARA,ZURMI,AFRO:NIGERIA:ZAMFARA:ZURMI,2015,33.8,439478,0.25,0.2,0.0,0.0,0.33
NIGERIA,ZAMFARA,ZURMI,AFRO:NIGERIA:ZAMFARA:ZURMI,2016,33.3,449830,0.25,0.2,0.0,0.0,0.33
NIGERIA,ZAMFARA,ZURMI,AFRO:NIGERIA:ZAMFARA:ZURMI,2017,32.7,460652,0.25,0.2,0.0,0.0,0.33
NIGERIA,ZAMFARA,ZURMI,AFRO:NIGERIA:ZAMFARA:ZURMI,2018,32.1,471475,0.25,0.2,0.0,0.0,0.33
NIGERIA,ZAMFARA,ZURMI,AFRO:NIGERIA:ZAMFARA:ZURMI,2019,31.6,482297,0.25,0.2,0.0,0.0,0.33
NIGERIA,ZAMFARA,ZURMI,AFRO:NIGERIA:ZAMFARA:ZURMI,2020,31.0,493119,0.25,0.2,0.0,0.0,0.33
NIGERIA,ZAMFARA,ZURMI,AFRO:NIGERIA:ZAMFARA:ZURMI,2021,30.7,503941,0.25,0.2,0.0,0.0,0.33
NIGERIA,ZAMFARA,ZURMI,AFRO:NIGERIA:ZAMFARA:ZURMI,2022,30.4,514764,0.25,0.2,0.0,0.0,0.33
NIGERIA,ZAMFARA,ZURMI,AFRO:NIGERIA:ZAMFARA:ZURMI,2023,30.1,525586,0.25,0.2,0.0,0.0,0.33
NIGERIA,ZAMFARA,ZURMI,AFRO:NIGERIA:ZAMFARA:ZURMI,2024,29.7,536408,0.25,0.2,0.0,0.0,0.33
NIGERIA,ZAMFARA,ZURMI,AFRO:NIGERIA:ZAMFARA:ZURMI,2025,29.4,547231,0.25,0.2,0.0,0.0,0.33
NIGERIA,ZAMFARA,ZURMI,AFRO:NIGERIA:ZAMFARA:ZURMI,2026,29.1,558523,0.25,0.2,0.0,0.0,0.33
NIGERIA,ZAMFARA,ZURMI,AFRO:NIGERIA:ZAMFARA:ZURMI,2027,28.8,570287,0.25,0.2,0.0,0.0,0.33
NIGERIA,ZAMFARA,ZURMI,AFRO:NIGERIA:ZAMFARA:ZURMI,2028,28.4,581580,0.25,0.2,0.0,0.0,0.33
NIGERIA,ZAMFARA,ZURMI,AFRO:NIGERIA:ZAMFARA:ZURMI,2029,28.1,592872,0.25,0.2,0.0,0.0,0.33
NIGERIA,ZAMFARA,ZURMI,AFRO:NIGERIA:ZAMFARA:ZURMI,2030,27.8,604636,0.25,0.2,0.0,0.0,0.33
NIGERIA,ZAMFARA,ZURMI,AFRO:NIGERIA:ZAMFARA:ZURMI,2031,27.4,615929,0.25,0.2,0.0,0.0,0.33
NIGERIA,ZAMFARA,ZURMI,AFRO:NIGERIA:ZAMFARA:ZURMI,2032,27.0,627692,0.25,0.2,0.0,0.0,0.33
NIGERIA,ZAMFARA,ZURMI,AFRO:NIGERIA:ZAMFARA:ZURMI,2033,26.6,639455,0.25,0.2,0.0,0.0,0.33
NIGERIA,ZAMFARA,ZURMI,AFRO:NIGERIA:ZAMFARA:ZURMI,2034,26.3,651219,0.25,0.2,0.0,0.0,0.33
NIGERIA,ZAMFARA,ZURMI,AFRO:NIGERIA:ZAMFARA:ZURMI,2035,25.9,662982,0.25,0.2,0.0,0.0,0.33
NIGERIA,ZAMFARA,ZURMI,AFRO:NIGERIA:ZAMFARA:ZURMI,2036,25.5,674275,0.25,0.2,0.0,0.0,0.33
NIGERIA,ZAMFARA,ZURMI,AFRO:NIGERIA:ZAMFARA:ZURMI,2037,25.1,686038,0.25,0.2,0.0,0.0,0.33
NIGERIA,ZAMFARA,ZURMI,AFRO:NIGERIA:ZAMFARA:ZURMI,2038,24.7,697331,0.25,0.2,0.0,0.0,0.33
NIGERIA,ZAMFARA,ZURMI,AFRO:NIGERIA:ZAMFARA:ZURMI,2039,24.3,709094,0.25,0.2,0.0,0.0,0.33
