date,dot_name,GUID,age_min,age_max,vaccinetype
2010-02-01,AFRO:NIGERIA:ZAMFARA:ANKA,{7FCF4451-42BA-4DCF-9E0E-83C2F6C60612},0.0,1825.0,tOPV
2010-02-01,AFRO:NIGERIA:ZAMFARA:BAKURA,{DD708730-53DA-4A86-A145-1F23C8098FB2},0.0,1825.0,tOPV
2010-02-01,AFRO:NIGERIA:ZAMFARA:BIRNIN_MAGAJI_KIYAW,{45200A39-43E7-44F3-9FF6-151D3C6F2319},0.0,1825.0,tOPV
2010-02-01,AFRO:NIGERIA:ZAMFARA:BUKKUYUM,{69CFBA97-E082-4513-BC73-593AF0C32A67},0.0,1825.0,tOPV
2010-02-01,AFRO:NIGERIA:ZAMFARA:BUNGUDU,{6FFDD734-A1B4-45FE-85CE-56240E5EEB07},0.0,1825.0,tOPV
2010-02-01,AFRO:NIGERIA:ZAMFARA:GUMMI,{C92D9AA6-5A54-478B-B8D4-58915445CB75},0.0,1825.0,tOPV
2010-02-01,AFRO:NIGERIA:ZAMFARA:GUSAU,{35006C7C-01C7-4E6A-9B16-E839CA3CAC42},0.0,1825.0,tOPV
2010-02-01,AFRO:NIGERIA:ZAMFARA:KAURA_NAMODA,{7A07C9F5-D408-4B87-AADE-0EDBBAAD58C9},0.0,1825.0,tOPV
2010-02-01,AFRO:NIGERIA:ZAMFARA:MARADUN,{8872470E-7CA0-461C-BAC1-88CA6C4CB192},0.0,1825.0,tOPV
2010-02-01,AFRO:NIGERIA:ZAMFARA:MARU,{92D972A1-5FED-401B-9CF9-F0CE78B0FED0},0.0,1825.0,tOPV
2010-02-01,AFRO:NIGERIA:ZAMFARA:SHINKAFI,{F9305E11-B0B4-4E01-98F4-EAE73CFC5718},0.0,1825.0,tOPV
2010-02-01,AFRO:NIGERIA:ZAMFARA:TALATA_MAFARA,{F09AFDDD-4DA0-4AF0-90E9-F4CDEBDE07E1},0.0,1825.0,tOPV
2010-02-01,AFRO:NIGERIA:ZAMFARA:TSAFE,{D5C2227B-058E-4E4D-BF60-E929D16DC3B3},0.0,1825.0,tOPV
2010-02-01,AFRO:NIGERIA:ZAMFARA:ZURMI,{6120D93B-4B88-4425-A612-D7698D8A58BD},0.0,1825.0,tOPV
2010-08-01,AFRO:NIGERIA:ZAMFARA:ANKA,{B1918245-FEBA-4A48-ADB6-8E230D37981C},0.0,1825.0,tOPV
2010-08-01,AFRO:NIGERIA:ZAMFARA:BAKURA,{3FABE8A8-294B-4D1E-ACFA-337B728FFF6E},0.0,1825.0,tOPV
2010-08-01,AFRO:NIGERIA:ZAMFARA:BIRNIN_MAGAJI_KIYAW,{FE94D82E-EEAD-4293-9427-EF1E19EDB447},0.0,1825.0,tOPV
2010-08-01,AFRO:NIGERIA:ZAMFARA:BUKKUYUM,{3F850D2B-1447-4D9B-BB3E-DCC8585EB65C},0.0,1825.0,tOPV
2010-08-01,AFRO:NIGERIA:ZAMFARA:BUNGUDU,{7F43B212-13D2-4B1F-8AA9-E98B4BBCB0D2},0.0,1825.0,tOPV
2010-08-01,AFRO:NIGERIA:ZAMFARA:GUMMI,{0BE2C55B-3242-4F21-8F78-6E256E7259DA},0.0,1825.0,tOPV
2010-08-01,AFRO:NIGERIA:ZAMFARA:GUSAU,{80ACCF2D-0002-4239-8A90-CA77F56A71D6},0.0,1825.0,tOPV
2010-08-01,AFRO:NIGERIA:ZAMFARA:KAURA_NAMODA,{74C68F41-78D3-4BE5-85EC-121A6D3747C3},0.0,1825.0,tOPV
2010-08-01,AFRO:NIGERIA:ZAMFARA:MARADUN,{7E7A054C-8E93-434B-9A2B-BAE1AF45FCE1},0.0,1825.0,tOPV
2010-08-01,AFRO:NIGERIA:ZAMFARA:MARU,{74DB7D0D-23CC-48B3-B2FF-14A28609D659},0.0,1825.0,tOPV
2010-08-01,AFRO:NIGERIA:ZAMFARA:SHINKAFI,{7F9A1860-68A0-4E9B-8A64-7DDEC20CF802},0.0,1825.0,tOPV
2010-08-01,AFRO:NIGERIA:ZAMFARA:TALATA_MAFARA,{AFFBCF07-4DFE-4DC6-8100-F8FAA412611A},0.0,1825.0,tOPV
2010-08-01,AFRO:NIGERIA:ZAMFARA:TSAFE,{ACCE968E-9F94-4DB7-ADDA-633C43EC8730},0.0,1825.0,tOPV
2010-08-01,AFRO:NIGERIA:ZAMFARA:ZURMI,{7B5E3FEA-288D-48F7-BA7B-D69616D320F6},0.0,1825.0,tOPV
2011-02-01,AFRO:NIGERIA:ZAMFARA:ANKA,{94044751-EE3F-4491-BA46-F006AB68B286},0.0,1825.0,tOPV
2011-02-01,AFRO:NIGERIA:ZAMFARA:BAKURA,{32918A3D-BF20-4000-990D-CE36252CC9F1},0.0,1825.0,tOPV
2011-02-01,AFRO:NIGERIA:ZAMFARA:BIRNIN_MAGAJI_KIYAW,{486076BF-38CD-4DF4-BF80-5BEAFD2C7D4B},0.0,1825.0,tOPV
2011-02-01,AFRO:NIGERIA:ZAMFARA:BUKKUYUM,{36EF71FD-F1A8-41FB-8FDE-2386F53E0754},0.0,1825.0,tOPV
2011-02-01,AFRO:NIGERIA:ZAMFARA:BUNGUDU,{CD696E99-BBFB-4E8D-9A60-1A7CB1929013},0.0,1825.0,tOPV
2011-02-01,AFRO:NIGERIA:ZAMFARA:GUMMI,{992CFEE2-5688-4787-8D38-A6CABF324B14},0.0,1825.0,tOPV
2011-02-01,AFRO:NIGERIA:ZAMFARA:GUSAU,{F1ACDC0A-4FBE-453E-B779-EFFEE8192FAA},0.0,1825.0,tOPV
2011-02-01,AFRO:NIGERIA:ZAMFARA:KAURA_NAMODA,{4469734D-D80C-498F-9CA5-7EA176FAA530},0.0,1825.0,tOPV
2011-02-01,AFRO:NIGERIA:ZAMFARA:MARADUN,{0701FD75-2256-43F8-999F-8AEBD3307D5D},0.0,1825.0,tOPV
2011-02-01,AFRO:NIGERIA:ZAMFARA:MARU,{65A7B70B-FF97-47E9-8D7B-EBC2FA838B09},0.0,1825.0,tOPV
2011-02-01,AFRO:NIGERIA:ZAMFARA:SHINKAFI,{F2B4C99F-55ED-4206-AD2B-5383080242F2},0.0,1825.0,tOPV
2011-02-01,AFRO:NIGERIA:ZAMFARA:TALATA_MAFARA,{E5894B47-62E5-438C-83B2-2EDFDECBFE3B},0.0,1825.0,tOPV
2011-02-01,AFRO:NIGERIA:ZAMFARA:TSAFE,{12DE2D67-1D19-4C60-A36B-83E9090E28FE},0.0,1825.0,tOPV
2011-02-01,AFRO:NIGERIA:ZAMFARA:ZURMI,{CE99BB1A-6951-4C8A-9C88-EF30BFD18801},0.0,1825.0,tOPV
2011-08-01,AFRO:NIGERIA:ZAMFARA:ANKA,{B923B9EE-0EF2-4D1D-8FC0-098B7CC2CEDF},0.0,1825.0,tOPV
2011-08-01,AFRO:NIGERIA:ZAMFARA:BAKURA,{518C114D-692B-41CB-8BDD-B0E39CF16979},0.0,1825.0,tOPV
2011-08-01,AFRO:NIGERIA:ZAMFARA:BIRNIN_MAGAJI_KIYAW,{99D553F0-006C-412B-A10F-B8BC8E98995E},0.0,1825.0,tOPV
2011-08-01,AFRO:NIGERIA:ZAMFARA:BUKKUYUM,{25C3B302-6CDB-4D26-B0C5-EB9A814C932D},0.0,1825.0,tOPV
2011-08-01,AFRO:NIGERIA:ZAMFARA:BUNGUDU,{83F8EAAC-E523-4574-8C7F-B6CC7A46ED2C},0.0,1825.0,tOPV
2011-08-01,AFRO:NIGERIA:ZAMFARA:GUMMI,{96A1583C-0334-4B2E-B859-1F7B31F52991},0.0,1825.0,tOPV
2011-08-01,AFRO:NIGERIA:ZAMFARA:GUSAU,{534967F5-6A3C-41F8-B41B-4BDF8ED43C74},0.0,1825.0,tOPV
2011-08-01,AFRO:NIGERIA:ZAMFARA:KAURA_NAMODA,{0DBC8D7B-5916-4D90-BB3E-1869A1A58DC5},0.0,1825.0,tOPV
2011-08-01,AFRO:NIGERIA:ZAMFARA:MARADUN,{FF1E4EFC-3E8B-4584-805A-502407A1ED06},0.0,1825.0,tOPV
2011-08-01,AFRO:NIGERIA:ZAMFARA:MARU,{871A77D5-CAA7-44FB-B0F3-0DAF0ECA68CC},0.0,1825.0,tOPV
2011-08-01,AFRO:NIGERIA:ZAMFARA:SHINKAFI,{62D907A2-305C-43C2-B535-063FF2B69EFE},0.0,1825.0,tOPV
2011-08-01,AFRO:NIGERIA:ZAMFARA:TALATA_MAFARA,{E9B6ED39-C1C5-437D-8E3B-86B0FC9EE3B2},0.0,1825.0,tOPV
2011-08-01,AFRO:NIGERIA:ZAMFARA:TSAFE,{AE8FE02F-2452-455D-A7EA-18D330F3BA5C},0.0,1825.0,tOPV
2011-08-01,AFRO:NIGERIA:ZAMFARA:ZURMI,{8DEF01B4-86B8-4B99-B097-549FDA2E5DDC},0.0,1825.0,tOPV
2012-02-01,AFRO:NIGERIA:ZAMFARA:ANKA,{304C03F3-2DD6-457F-8EFA-10EB2C5AECC0},0.0,1825.0,tOPV
2012-02-01,AFRO:NIGERIA:ZAMFARA:BAKURA,{1D41D13B-AEC2-4217-B3C4-1B4A8A6909E8},0.0,1825.0,tOPV
2012-02-01,AFRO:NIGERIA:ZAMFARA:BIRNIN_MAGAJI_KIYAW,{1C3D63CB-1717-4CFF-803B-B38B752F0377},0.0,1825.0,tOPV
2012-02-01,AFRO:NIGERIA:ZAMFARA:BUKKUYUM,{9713A33C-4E9E-41F7-96FD-3767869861F5},0.0,1825.0,tOPV
2012-02-01,AFRO:NIGERIA:ZAMFARA:BUNGUDU,{E7B7659D-F251-441E-B12B-AA0067D7DEEF},0.0,1825.0,tOPV
2012-02-01,AFRO:NIGERIA:ZAMFARA:GUMMI,{0017B464-C1BC-48FC-BCD9-64FDB6271E2B},0.0,1825.0,tOPV
2012-02-01,AFRO:NIGERIA:ZAMFARA:GUSAU,{4672B230-9A7C-4359-AD77-29434E75BF47},0.0,1825.0,tOPV
2012-02-01,AFRO:NIGERIA:ZAMFARA:KAURA_NAMODA,{CB446A3E-EED6-4B64-833C-D7816AEA201D},0.0,1825.0,tOPV
2012-02-01,AFRO:NIGERIA:ZAMFARA:MARADUN,{65A8BF21-98B8-4C9B-832C-0049889F518A},0.0,1825.0,tOPV
2012-02-01,AFRO:NIGERIA:ZAMFARA:MARU,{8039805E-47E9-4AD8-B0F6-49FCB5D4B8B2},0.0,1825.0,tOPV
2012-02-01,AFRO:NIGERIA:ZAMFARA:SHINKAFI,{C1F02994-5D6E-44B1-BB58-49842E129BA4},0.0,1825.0,tOPV
2012-02-01,AFRO:NIGERIA:ZAMFARA:TALATA_MAFARA,{473B4DE0-9864-4B1C-8678-7E51287E8D83},0.0,1825.0,tOPV
2012-02-01,AFRO:NIGERIA:ZAMFARA:TSAFE,{BC0B5B06-2A76-47CF-8C99-CE33018BEE6E},0.0,1825.0,tOPV
2012-02-01,AFRO:NIGERIA:ZAMFARA:ZURMI,{50D6AC7B-E165-4510-89BE-4F71868C05A5},0.0,1825.0,tOPV
2012-08-01,AFRO:NIGERIA:ZAMFARA:ANKA,{745876D3-A928-454A-965E-EF30B1777044},0.0,1825.0,tOPV
2012-08-01,AFRO:NIGERIA:ZAMFARA:BAKURA,{F5AEE9F4-A932-41AD-8E5E-1AD4E732EAC4},0.0,1825.0,tOPV
2012-08-01,AFRO:NIGERIA:ZAMFARA:BIRNIN_MAGAJI_KIYAW,{39C8C6EF-E950-4D0E-86E5-C61F762F712A},0.0,1825.0,tOPV
2012-08-01,AFRO:NIGERIA:ZAMFARA:BUKKUYUM,{1C0808DD-75F6-42C3-B4DE-3CB487B0B59C},0.0,1825.0,tOPV
2012-08-01,AFRO:NIGERIA:ZAMFARA:BUNGUDU,{506DAE37-BAE1-4057-AA37-DE8D03E025B4},0.0,1825.0,tOPV
2012-08-01,AFRO:NIGERIA:ZAMFARA:GUMMI,{515B5203-C9FB-44C9-90A8-D4B6B4053F6C},0.0,1825.0,tOPV
2012-08-01,AFRO:NIGERIA:ZAMFARA:GUSAU,{235EF228-17E2-4F31-B86A-A6B93C996194},0.0,1825.0,tOPV
2012-08-01,AFRO:NIGERIA:ZAMFARA:KAURA_NAMODA,{B7C251E3-D3BE-4C48-9A18-84D16489FC42},0.0,1825.0,tOPV
2012-08-01,AFRO:NIGERIA:ZAMFARA:MARADUN,{9917D784-8B76-44CB-B51C-84D511CC1ACB},0.0,1825.0,tOPV
2012-08-01,AFRO:NIGERIA:ZAMFARA:MARU,{61163044-FAFC-45F9-A6F8-7703CD8209DC},0.0,1825.0,tOPV
2012-08-01,AFRO:NIGERIA:ZAMFARA:SHINKAFI,{18339CF6-6E8C-49F3-8834-8595E28D90E5},0.0,1825.0,tOPV
2012-08-01,AFRO:NIGERIA:ZAMFARA:TALATA_MAFARA,{ACCA5F3C-6EDB-4098-9815-63A03B90B890},0.0,1825.0,tOPV
2012-08-01,AFRO:NIGERIA:ZAMFARA:TSAFE,{5003F0B2-E119-499C-BE67-7F2F102C76C5},0.0,1825.0,tOPV
2012-08-01,AFRO:NIGERIA:ZAMFARA:ZURMI,{E03E2DB8-9627-4ECF-B13B-A0312C02EE24},0.0,1825.0,tOPV
2013-02-01,AFRO:NIGERIA:ZAMFARA:ANKA,{2B3652CE-6D35-4941-86FC-F5C4FA1C7B04},0.0,1825.0,tOPV
2013-02-01,AFRO:NIGERIA:ZAMFARA:BAKURA,{8254D3B3-E564-4179-95A8-8C20D676387B},0.0,1825.0,tOPV
2013-02-01,AFRO:NIGERIA:ZAMFARA:BIRNIN_MAGAJI_KIYAW,{BEB24A06-E0D8-4439-A276-5696F802994C},0.0,1825.0,tOPV
2013-02-01,AFRO:NIGERIA:ZAMFARA:BUKKUYUM,{AC116F1D-3C4C-430E-BF59-80FB09B707CE},0.0,1825.0,tOPV
2013-02-01,AFRO:NIGERIA:ZAMFARA:BUNGUDU,{B3BBA01C-D789-4457-8CD8-39769CBDEDBF},0.0,1825.0,tOPV
2013-02-01,AFRO:NIGERIA:ZAMFARA:GUMMI,{DF96A422-36CF-478D-9B5B-AFCA2B0B7748},0.0,1825.0,tOPV
2013-02-01,AFRO:NIGERIA:ZAMFARA:GUSAU,{CE9FA60E-D994-4E72-9EFD-D241E48933C2},0.0,1825.0,tOPV
2013-02-01,AFRO:NIGERIA:ZAMFARA:KAURA_NAMODA,{12622FD2-1577-46BB-9EEC-696C389E14BE},0.0,1825.0,tOPV
2013-02-01,AFRO:NIGERIA:ZAMFARA:MARADUN,{C3E2B5A8-980D-4514-A4D2-2596C6F42231},0.0,1825.0,tOPV
2013-02-01,AFRO:NIGERIA:ZAMFARA:MARU,{062179B0-F70C-44A0-8F1A-0CECC839C2F3},0.0,1825.0,tOPV
2013-02-01,AFRO:NIGERIA:ZAMFARA:SHINKAFI,{A51A31F4-550B-4C1A-B0AF-A7A856BB2AB1},0.0,1825.0,tOPV
2013-02-01,AFRO:NIGERIA:ZAMFARA:TALATA_MAFARA,{CEF01AC4-98B9-40C1-92E8-DB5A6A97EB6A},0.0,1825.0,tOPV
2013-02-01,AFRO:NIGERIA:ZAMFARA:TSAFE,{C7FF741A-14F9-4058-8442-A5A32BD4EE51},0.0,1825.0,tOPV
2013-02-01,AFRO:NIGERIA:ZAMFARA:ZURMI,{4BB529ED-A756-4F5F-995D-46A00E704F96},0.0,1825.0,tOPV
2013-08-01,AFRO:NIGERIA:ZAMFARA:ANKA,{8B1FBA91-16E0-4DDE-BD5B-307D13B06E24},0.0,1825.0,tOPV
2013-08-01,AFRO:NIGERIA:ZAMFARA:BAKURA,{CB7DD342-ECFA-47F9-84FE-6280F3CE9249},0.0,1825.0,tOPV
2013-08-01,AFRO:NIGERIA:ZAMFARA:BIRNIN_MAGAJI_KIYAW,{B28B3FC7-A5E0-498A-BA2A-004CEF55F521},0.0,1825.0,tOPV
2013-08-01,AFRO:NIGERIA:ZAMFARA:BUKKUYUM,{C78EF38B-859F-4756-B23D-1A258E402499},0.0,1825.0,tOPV
2013-08-01,AFRO:NIGERIA:ZAMFARA:BUNGUDU,{23C6472E-71AB-417A-A635-0FDBBB88AA29},0.0,1825.0,tOPV
2013-08-01,AFRO:NIGERIA:ZAMFARA:GUMMI,{C3A5AB0A-D503-4945-94E0-38402EC05603},0.0,1825.0,tOPV
2013-08-01,AFRO:NIGERIA:ZAMFARA:GUSAU,{5DAF1768-6A68-4835-8EE8-CE722BE5B2EA},0.0,1825.0,tOPV
2013-08-01,AFRO:NIGERIA:ZAMFARA:KAURA_NAMODA,{049B8ED3-FD44-4F19-9323-839E5F93EC25},0.0,1825.0,tOPV
2013-08-01,AFRO:NIGERIA:ZAMFARA:MARADUN,{5A977B3E-3DBF-4FF9-86C1-F54C96015BB9},0.0,1825.0,tOPV
2013-08-01,AFRO:NIGERIA:ZAMFARA:MARU,{CF31D5EE-1F9B-4823-A323-2EBD0A8B00FB},0.0,1825.0,tOPV
2013-08-01,AFRO:NIGERIA:ZAMFARA:SHINKAFI,{C308C0F6-14BC-4BC2-87FB-1324B3505470},0.0,1825.0,tOPV
2013-08-01,AFRO:NIGERIA:ZAMFARA:TALATA_MAFARA,{CB4BA665-D510-4D92-A5CF-7EC4BDD2F145},0.0,1825.0,tOPV
2013-08-01,AFRO:NIGERIA:ZAMFARA:TSAFE,{2CCE9B9C-2D42-4EFA-979D-40C05C617854},0.0,1825.0,tOPV
2013-08-01,AFRO:NIGERIA:ZAMFARA:ZURMI,{51BAAE32-EF8C-4320-82A5-6C33499833D9},0.0,1825.0,tOPV
2014-02-01,AFRO:NIGERIA:ZAMFARA:ANKA,{564B079A-BD66-47DD-A8E7-91A3CEF2934D},0.0,1825.0,tOPV
2014-02-01,AFRO:NIGERIA:ZAMFARA:BAKURA,{85A9990F-AF2D-49A5-9EE1-FD6A598B48EE},0.0,1825.0,tOPV
2014-02-01,AFRO:NIGERIA:ZAMFARA:BIRNIN_MAGAJI_KIYAW,{4C0591D4-BDB4-4B83-9342-8198FBB9DB91},0.0,1825.0,tOPV
2014-02-01,AFRO:NIGERIA:ZAMFARA:BUKKUYUM,{4FEE76B9-0DF3-4244-8C40-5F3F3502EDCE},0.0,1825.0,tOPV
2014-02-01,AFRO:NIGERIA:ZAMFARA:BUNGUDU,{D941D0FF-8EF5-4A0A-BCAF-A440AEE6AF29},0.0,1825.0,tOPV
2014-02-01,AFRO:NIGERIA:ZAMFARA:GUMMI,{7F4E53A8-8223-4CF3-9FAB-D0382CD9A251},0.0,1825.0,tOPV
2014-02-01,AFRO:NIGERIA:ZAMFARA:GUSAU,{7C5DAF3B-DEB9-4E8E-A1CD-4646B9DFE901},0.0,1825.0,tOPV
2014-02-01,AFRO:NIGERIA:ZAMFARA:KAURA_NAMODA,{2E538065-F089-4561-A908-0AF0D5C55155},0.0,1825.0,tOPV
2014-02-01,AFRO:NIGERIA:ZAMFARA:MARADUN,{97E930E7-206F-4B38-9D29-3D67AD8F5A82},0.0,1825.0,tOPV
2014-02-01,AFRO:NIGERIA:ZAMFARA:MARU,{BAFE41BF-28A0-40C5-8398-858C989C65D3},0.0,1825.0,tOPV
2014-02-01,AFRO:NIGERIA:ZAMFARA:SHINKAFI,{3A5A5DD3-5465-4F4C-8E48-6D69AF183DC6},0.0,1825.0,tOPV
2014-02-01,AFRO:NIGERIA:ZAMFARA:TALATA_MAFARA,{08AAE413-92D0-4672-A393-217F1BEAB5AE},0.0,1825.0,tOPV
2014-02-01,AFRO:NIGERIA:ZAMFARA:TSAFE,{8D528730-9E8A-47D5-8341-112AEAC2CFA1},0.0,1825.0,tOPV
2014-02-01,AFRO:NIGERIA:ZAMFARA:ZURMI,{B0EB86E8-AA7D-409D-AF93-35B78CEF9DB9},0.0,1825.0,tOPV
2014-08-01,AFRO:NIGERIA:ZAMFARA:ANKA,{0DA498E0-7DD1-4577-BE4E-4F649430B013},0.0,1825.0,tOPV
2014-08-01,AFRO:NIGERIA:ZAMFARA:BAKURA,{54DCEF9A-8F4F-47F6-B8E1-5586E45DA202},0.0,1825.0,tOPV
2014-08-01,AFRO:NIGERIA:ZAMFARA:BIRNIN_MAGAJI_KIYAW,{CC83F03C-25BA-4980-B0CF-C8D07D86201B},0.0,1825.0,tOPV
2014-08-01,AFRO:NIGERIA:ZAMFARA:BUKKUYUM,{DE33012F-D297-4981-9CBC-D38C5361A4DE},0.0,1825.0,tOPV
2014-08-01,AFRO:NIGERIA:ZAMFARA:BUNGUDU,{3E0D98F0-3CFB-42E4-99AD-E0308A4E17C1},0.0,1825.0,tOPV
2014-08-01,AFRO:NIGERIA:ZAMFARA:GUMMI,{B0E1EF54-901C-43BA-9A12-02D26E766B84},0.0,1825.0,tOPV
2014-08-01,AFRO:NIGERIA:ZAMFARA:GUSAU,{FC5EE933-A7AD-47FD-8AA3-23E3D813344B},0.0,1825.0,tOPV
2014-08-01,AFRO:NIGERIA:ZAMFARA:KAURA_NAMODA,{A4258F14-B471-4FF9-9F11-8649B1D04D39},0.0,1825.0,tOPV
2014-08-01,AFRO:NIGERIA:ZAMFARA:MARADUN,{A5F57B4D-E2A8-44FC-A991-3E7C17F09F87},0.0,1825.0,tOPV
2014-08-01,AFRO:NIGERIA:ZAMFARA:MARU,{BE9FB9EC-493E-46AC-912A-AE75834AA7A2},0.0,1825.0,tOPV
2014-08-01,AFRO:NIGERIA:ZAMFARA:SHINKAFI,{58A1E69F-D053-4BEE-A49F-49684C3FD46B},0.0,1825.0,tOPV
2014-08-01,AFRO:NIGERIA:ZAMFARA:TALATA_MAFARA,{6348CAAA-06D0-4BE1-9A5C-96AF0CEA770D},0.0,1825.0,tOPV
2014-08-01,AFRO:NIGERIA:ZAMFARA:TSAFE,{777D5551-448F-4FB8-B1A7-C22A574EBCB8},0.0,1825.0,tOPV
2014-08-01,AFRO:NIGERIA:ZAMFARA:ZURMI,{DEE2E901-95A6-4CE4-B796-5624022F69B2},0.0,1825.0,tOPV
2015-02-01,AFRO:NIGERIA:ZAMFARA:ANKA,{EA6CA094-E464-40D4-86B8-62CDE0B3E357},0.0,1825.0,tOPV
2015-02-01,AFRO:NIGERIA:ZAMFARA:BAKURA,{ED30C845-9D7F-4CAD-973F-E04EE2F74A27},0.0,1825.0,tOPV
2015-02-01,AFRO:NIGERIA:ZAMFARA:BIRNIN_MAGAJI_KIYAW,{9F379E57-31FC-4A59-B19D-843BC9FED812},0.0,1825.0,tOPV
2015-02-01,AFRO:NIGERIA:ZAMFARA:BUKKUYUM,{79C436A1-21C1-47B6-A906-3E9A7550E342},0.0,1825.0,tOPV
2015-02-01,AFRO:NIGERIA:ZAMFARA:BUNGUDU,{403CB29E-7936-48D4-9F0A-73B7FB20873A},0.0,1825.0,tOPV
2015-02-01,AFRO:NIGERIA:ZAMFARA:GUMMI,{C610BF9C-1438-4CAA-BB98-1FF3A2CE1012},0.0,1825.0,tOPV
2015-02-01,AFRO:NIGERIA:ZAMFARA:GUSAU,{C75592BA-3406-46A4-9554-1676EC53B213},0.0,1825.0,tOPV
2015-02-01,AFRO:NIGERIA:ZAMFARA:KAURA_NAMODA,{EC602B69-F528-4D44-9DD2-8CB96063023C},0.0,1825.0,tOPV
2015-02-01,AFRO:NIGERIA:ZAMFARA:MARADUN,{E6BF937C-88C3-423B-A683-F98020768EF0},0.0,1825.0,tOPV
2015-02-01,AFRO:NIGERIA:ZAMFARA:MARU,{FA41829D-0FD9-490D-BDB1-63D8CF3EA08F},0.0,1825.0,tOPV
2015-02-01,AFRO:NIGERIA:ZAMFARA:SHINKAFI,{523B7B65-56AE-4B24-A7B0-9452BB0F47FC},0.0,1825.0,tOPV
2015-02-01,AFRO:NIGERIA:ZAMFARA:TALATA_MAFARA,{4F8B1147-2573-4EA3-8F8C-B9E129958CF8},0.0,1825.0,tOPV
2015-02-01,AFRO:NIGERIA:ZAMFARA:TSAFE,{7343389F-6C6B-411C-A17A-2B631C989BE9},0.0,1825.0,tOPV
2015-02-01,AFRO:NIGERIA:ZAMFARA:ZURMI,{1DD7DCDD-7F23-4F5A-980E-1615F542FE77},0.0,1825.0,tOPV
2015-08-01,AFRO:NIGERIA:ZAMFARA:ANKA,{F526E842-8190-4C52-BED7-DEA5BB7D9F48},0.0,1825.0,tOPV
2015-08-01,AFRO:NIGERIA:ZAMFARA:BAKURA,{D8941AF8-A792-44AA-8A4C-EDEFD2747473},0.0,1825.0,tOPV
2015-08-01,AFRO:NIGERIA:ZAMFARA:BIRNIN_MAGAJI_KIYAW,{134708CB-5E40-4AE4-868B-E05603E54B1D},0.0,1825.0,tOPV
2015-08-01,AFRO:NIGERIA:ZAMFARA:BUKKUYUM,{32B4A864-CA2A-4750-970C-0B0DC9210E4F},0.0,1825.0,tOPV
2015-08-01,AFRO:NIGERIA:ZAMFARA:BUNGUDU,{019053D5-C5A3-486D-8DE8-4934F010104E},0.0,1825.0,tOPV
2015-08-01,AFRO:NIGERIA:ZAMFARA:GUMMI,{589C4A0D-F1FB-4CE7-8F6D-267FC56E4F81},0.0,1825.0,tOPV
2015-08-01,AFRO:NIGERIA:ZAMFARA:GUSAU,{12CCBCF3-4672-4252-989D-1F423B3B43C9},0.0,1825.0,tOPV
2015-08-01,AFRO:NIGERIA:ZAMFARA:KAURA_NAMODA,{56A555EF-4E74-47FB-964E-05EEE85C0EE8},0.0,1825.0,tOPV
2015-08-01,AFRO:NIGERIA:ZAMFARA:MARADUN,{BF1C0E6C-ADB7-4178-B2E1-47BAA452446C},0.0,1825.0,tOPV
2015-08-01,AFRO:NIGERIA:ZAMFARA:MARU,{46E7A10E-481F-41E3-B875-A82D119F3C50},0.0,1825.0,tOPV
2015-08-01,AFRO:NIGERIA:ZAMFARA:SHINKAFI,{E33936FA-111C-4E8E-B91E-EFAAD217ADC3},0.0,1825.0,tOPV
2015-08-01,AFRO:NIGERIA:ZAMFARA:TALATA_MAFARA,{4653E3DC-21EC-4E50-9399-67C21504199D},0.0,1825.0,tOPV
2015-08-01,AFRO:NIGERIA:ZAMFARA:TSAFE,{6830A200-1D32-45B3-A30D-4155B85E6287},0.0,1825.0,tOPV
2015-08-01,AFRO:NIGERIA:ZAMFARA:ZURMI,{5B4941C8-129F-4AF2-AD88-026D4340A17A},0.0,1825.0,tOPV
2016-02-01,AFRO:NIGERIA:ZAMFARA:ANKA,{9C429EB3-194A-4C07-858A-89F8AE1582C7},0.0,1825.0,bOPV
2016-02-01,AFRO:NIGERIA:ZAMFARA:BAKURA,{BF133B07-C881-4CBE-A0BF-9F018C96A35C},0.0,1825.0,bOPV
2016-02-01,AFRO:NIGERIA:ZAMFARA:BIRNIN_MAGAJI_KIYAW,{ED92D298-1F8B-4F76-B05F-94DBFAC9491A},0.0,1825.0,bOPV
2016-02-01,AFRO:NIGERIA:ZAMFARA:BUKKUYUM,{BC6A5109-37D2-4524-9D34-F14F34D0CA5A},0.0,1825.0,bOPV
2016-02-01,AFRO:NIGERIA:ZAMFARA:BUNGUDU,{847A6ADA-E3B1-4746-BF2E-8632D6BBBA53},0.0,1825.0,bOPV
2016-02-01,AFRO:NIGERIA:ZAMFARA:GUMMI,{F12AEC1A-ACDC-4D5F-834B-655A5152754D},0.0,1825.0,bOPV
2016-02-01,AFRO:NIGERIA:ZAMFARA:GUSAU,{EEB06FA8-FBB6-4DA4-BA8F-3FE8313F146A},0.0,1825.0,bOPV
2016-02-01,AFRO:NIGERIA:ZAMFARA:KAURA_NAMODA,{4907B5BC-90B3-49D1-8778-193BF1935D09},0.0,1825.0,bOPV
2016-02-01,AFRO:NIGERIA:ZAMFARA:MARADUN,{6CCEEFF3-26A2-4629-B4FD-FC6A25E835AD},0.0,1825.0,bOPV
2016-02-01,AFRO:NIGERIA:ZAMFARA:MARU,{839B9985-328A-4EED-839F-D0C03C57F068},0.0,1825.0,bOPV
2016-02-01,AFRO:NIGERIA:ZAMFARA:SHINKAFI,{BA0D27E3-8844-41B7-80B6-716DF84E87F1},0.0,1825.0,bOPV
2016-02-01,AFRO:NIGERIA:ZAMFARA:TALATA_MAFARA,{708F8711-365E-4F76-BCDB-11DA62D3433E},0.0,1825.0,bOPV
2016-02-01,AFRO:NIGERIA:ZAMFARA:TSAFE,{13833498-1801-4712-B1AE-3CBD30F5A5F0},0.0,1825.0,bOPV
2016-02-01,AFRO:NIGERIA:ZAMFARA:ZURMI,{73C28B1B-1337-42AA-9690-674EF44C2A78},0.0,1825.0,bOPV
2016-08-01,AFRO:NIGERIA:ZAMFARA:ANKA,{B770AE7C-C17C-4F38-A35B-4B4E56FA7E03},0.0,1825.0,bOPV
2016-08-01,AFRO:NIGERIA:ZAMFARA:BAKURA,{80AEB33A-1AF4-4DC4-A3B9-DEFB22338A00},0.0,1825.0,bOPV
2016-08-01,AFRO:NIGERIA:ZAMFARA:BIRNIN_MAGAJI_KIYAW,{33C0073D-AA1A-49B4-8BA6-DB37F8EDF1A8},0.0,1825.0,bOPV
2016-08-01,AFRO:NIGERIA:ZAMFARA:BUKKUYUM,{5C0C4360-64B0-44B3-9F29-189F19FDC56B},0.0,1825.0,bOPV
2016-08-01,AFRO:NIGERIA:ZAMFARA:BUNGUDU,{1F89C6E4-E29B-481C-BBAB-6E3819103FDD},0.0,1825.0,bOPV
2016-08-01,AFRO:NIGERIA:ZAMFARA:GUMMI,{210D1FD5-EDE6-40CC-9147-44C6C3815B29},0.0,1825.0,bOPV
2016-08-01,AFRO:NIGERIA:ZAMFARA:GUSAU,{AD49128A-45E6-41FD-95F3-F55269E9D322},0.0,1825.0,bOPV
2016-08-01,AFRO:NIGERIA:ZAMFARA:KAURA_NAMODA,{2A38F22C-DF8A-4B9E-83DC-33349CE3D788},0.0,1825.0,bOPV
2016-08-01,AFRO:NIGERIA:ZAMFARA:MARADUN,{FE2D200F-BBAC-45DD-A365-66BBC5DBFBF7},0.0,1825.0,bOPV
2016-08-01,AFRO:NIGERIA:ZAMFARA:MARU,{92CBFF71-E3F9-4A48-AC4F-8310730E529B},0.0,1825.0,bOPV
2016-08-01,AFRO:NIGERIA:ZAMFARA:SHINKAFI,{928FA062-E4CA-4E3F-803C-8CE3BFF12281},0.0,1825.0,bOPV
2016-08-01,AFRO:NIGERIA:ZAMFARA:TALATA_MAFARA,{7FD985D0-3704-446C-8EC3-1539C0315CE0},0.0,1825.0,bOPV
2016-08-01,AFRO:NIGERIA:ZAMFARA:TSAFE,{F2231D51-E6F9-46F4-9756-A0DD8506ABB9},0.0,1825.0,bOPV
2016-08-01,AFRO:NIGERIA:ZAMFARA:ZURMI,{2CA3B64C-6F5B-42AD-B4C0-212310761BDE},0.0,1825.0,bOPV
2017-02-01,AFRO:NIGERIA:ZAMFARA:ANKA,{C5A1EA71-C741-4892-AE1C-E7A5346A66B5},0.0,1825.0,bOPV
2017-02-01,AFRO:NIGERIA:ZAMFARA:BAKURA,{D3431AB5-14EC-458C-AAB4-D23D40E29BF4},0.0,1825.0,bOPV
2017-02-01,AFRO:NIGERIA:ZAMFARA:BIRNIN_MAGAJI_KIYAW,{6E34B303-BD07-46D5-A1AC-764CA644C8C8},0.0,1825.0,bOPV
2017-02-01,AFRO:NIGERIA:ZAMFARA:BUKKUYUM,{BBB68843-31A2-4426-835A-7199312659AD},0.0,1825.0,bOPV
2017-02-01,AFRO:NIGERIA:ZAMFARA:BUNGUDU,{85656B2A-4E9A-4645-9A9E-9E2F4AB514CD},0.0,1825.0,bOPV
2017-02-01,AFRO:NIGERIA:ZAMFARA:GUMMI,{0B3F0442-F405-4652-8B59-E5619C1442ED},0.0,1825.0,bOPV
2017-02-01,AFRO:NIGERIA:ZAMFARA:GUSAU,{3EC1D881-4E72-46FB-AA37-B5D6FE9AB606},0.0,1825.0,bOPV
2017-02-01,AFRO:NIGERIA:ZAMFARA:KAURA_NAMODA,{7827DFE2-B1ED-44D9-9D08-411B23FDF0EB},0.0,1825.0,bOPV
2017-02-01,AFRO:NIGERIA:ZAMFARA:MARADUN,{A9D5C0AE-2682-4B15-9BF0-A993378DAA0B},0.0,1825.0,bOPV
2017-02-01,AFRO:NIGERIA:ZAMFARA:MARU,{12C8110E-107D-4400-976D-400F5F595E29},0.0,1825.0,bOPV
2017-02-01,AFRO:NIGERIA:ZAMFARA:SHINKAFI,{12072768-83AA-4057-B031-B1878B7A0317},0.0,1825.0,bOPV
2017-02-01,AFRO:NIGERIA:ZAMFARA:TALATA_MAFARA,{55488341-54AD-4CA2-A441-5784988D4C4C},0.0,1825.0,bOPV
2017-02-01,AFRO:NIGERIA:ZAMFARA:TSAFE,{9C1D050C-D9DA-4DA6-992F-20AB9D5EBC2D},0.0,1825.0,bOPV
2017-02-01,AFRO:NIGERIA:ZAMFARA:ZURMI,{7444D0AD-B08C-41EE-BF29-3A61BAEE8592},0.0,1825.0,bOPV
2017-05-01,AFRO:NIGERIA:ZAMFARA:ANKA,{F87A5B6D-0B7F-414A-9E0D-BCC9460D0363},0.0,1825.0,mOPV2
2017-05-01,AFRO:NIGERIA:ZAMFARA:BAKURA,{50B0C34F-32AB-46BD-B9B7-EB3AC8A3F881},0.0,1825.0,mOPV2
2017-05-01,AFRO:NIGERIA:ZAMFARA:BIRNIN_MAGAJI_KIYAW,{7AD126A4-6FDB-45B9-B88E-94A4353C345B},0.0,1825.0,mOPV2
2017-05-01,AFRO:NIGERIA:ZAMFARA:BUKKUYUM,{34055608-6FF7-4569-BB6E-99767027578C},0.0,1825.0,mOPV2
2017-05-01,AFRO:NIGERIA:ZAMFARA:BUNGUDU,{38994B36-5BB6-4973-A384-DB64F7F82EC2},0.0,1825.0,mOPV2
2017-05-01,AFRO:NIGERIA:ZAMFARA:GUMMI,{3E615590-D9DA-491A-9E35-3F285A990212},0.0,1825.0,mOPV2
2017-05-01,AFRO:NIGERIA:ZAMFARA:GUSAU,{DCBFEC0E-7D28-46AB-A3FB-511871E6D3BD},0.0,1825.0,mOPV2
2017-05-01,AFRO:NIGERIA:ZAMFARA:KAURA_NAMODA,{81F08313-E8A9-4413-80DC-40C78D2CBE99},0.0,1825.0,mOPV2
2017-05-01,AFRO:NIGERIA:ZAMFARA:MARADUN,{A17AF76A-0858-4F9A-A113-6B97C3702CDE},0.0,1825.0,mOPV2
2017-05-01,AFRO:NIGERIA:ZAMFARA:MARU,{CD19A67F-A791-4DEC-B825-A623D0A0761A},0.0,1825.0,mOPV2
2017-05-01,AFRO:NIGERIA:ZAMFARA:SHINKAFI,{048E0FA9-FDB9-4D5D-87BF-A62B70975A2C},0.0,1825.0,mOPV2
2017-05-01,AFRO:NIGERIA:ZAMFARA:TALATA_MAFARA,{37EC8568-85C1-4C21-97CB-C487A65BAE03},0.0,1825.0,mOPV2
2017-05-01,AFRO:NIGERIA:ZAMFARA:TSAFE,{8D524DEE-7776-452B-B545-2A03218CF1DF},0.0,1825.0,mOPV2
2017-05-01,AFRO:NIGERIA:ZAMFARA:ZURMI,{7788AF81-18CD-40EE-8407-B956FAEAD6F5},0.0,1825.0,mOPV2
2017-08-01,AFRO:NIGERIA:ZAMFARA:ANKA,{CF76166C-7D71-4FD8-8F57-33B588352977},0.0,1825.0,bOPV
2017-08-01,AFRO:NIGERIA:ZAMFARA:BAKURA,{A85A43FB-C2E6-4972-89C2-A07204F08DCC},0.0,1825.0,bOPV
2017-08-01,AFRO:NIGERIA:ZAMFARA:BIRNIN_MAGAJI_KIYAW,{F6D3C854-91C0-4FF7-891E-2BA6017B07CE},0.0,1825.0,bOPV
2017-08-01,AFRO:NIGERIA:ZAMFARA:BUKKUYUM,{636037ED-4ADC-4217-BFBA-1D2A60FE9538},0.0,1825.0,bOPV
2017-08-01,AFRO:NIGERIA:ZAMFARA:BUNGUDU,{5AA305BC-CCBB-4906-A34F-2D0FA52B38B0},0.0,1825.0,bOPV
2017-08-01,AFRO:NIGERIA:ZAMFARA:GUMMI,{E2B161D6-D980-4274-9B9B-F72A9116D36C},0.0,1825.0,bOPV
2017-08-01,AFRO:NIGERIA:ZAMFARA:GUSAU,{5463E080-699F-45A8-8071-EB98DD141BD5},0.0,1825.0,bOPV
2017-08-01,AFRO:NIGERIA:ZAMFARA:KAURA_NAMODA,{C7EFB786-3682-4E9F-B5DD-D3A402CA6337},0.0,1825.0,bOPV
2017-08-01,AFRO:NIGERIA:ZAMFARA:MARADUN,{9D623645-6C55-4BE1-8D11-AD67798B1634},0.0,1825.0,bOPV
2017-08-01,AFRO:NIGERIA:ZAMFARA:MARU,{921085D9-00E8-4A6F-A973-33D879EF3372},0.0,1825.0,bOPV
2017-08-01,AFRO:NIGERIA:ZAMFARA:SHINKAFI,{444A37FD-5E9B-42AC-9EAB-B80764598C48},0.0,1825.0,bOPV
2017-08-01,AFRO:NIGERIA:ZAMFARA:TALATA_MAFARA,{C60CB07E-A705-4FA1-97E4-1AF59BD5F0FF},0.0,1825.0,bOPV
2017-08-01,AFRO:NIGERIA:ZAMFARA:TSAFE,{2AF34693-00DD-411B-BF13-CF02B1AD14DA},0.0,1825.0,bOPV
2017-08-01,AFRO:NIGERIA:ZAMFARA:ZURMI,{72DA30FD-0980-4FE2-8F85-66510D4EB2A7},0.0,1825.0,bOPV
2018-02-01,AFRO:NIGERIA:ZAMFARA:ANKA,{3870C0C6-FD1F-4A80-BFFE-B7AA05DF4E0A},0.0,1825.0,bOPV
2018-02-01,AFRO:NIGERIA:ZAMFARA:BAKURA,{D9149FA9-C022-40FD-979B-188B14E43E22},0.0,1825.0,bOPV
2018-02-01,AFRO:NIGERIA:ZAMFARA:BIRNIN_MAGAJI_KIYAW,{E64F69C4-F736-4B3C-9FF1-1B8348CA3D5E},0.0,1825.0,bOPV
2018-02-01,AFRO:NIGERIA:ZAMFARA:BUKKUYUM,{CF5A6A81-F32D-4A6B-AB9F-A6901E5B64D4},0.0,1825.0,bOPV
2018-02-01,AFRO:NIGERIA:ZAMFARA:BUNGUDU,{7523E3D7-55BE-4374-A8FC-25D7B962F716},0.0,1825.0,bOPV
2018-02-01,AFRO:NIGERIA:ZAMFARA:GUMMI,{2FADE09C-E1C8-401F-BA78-800C940D4B45},0.0,1825.0,bOPV
2018-02-01,AFRO:NIGERIA:ZAMFARA:GUSAU,{19E3AEB8-A4DF-4BCE-8AF3-530696A5A17F},0.0,1825.0,bOPV
2018-02-01,AFRO:NIGERIA:ZAMFARA:KAURA_NAMODA,{650C6373-83A0-469C-8C4C-D4B6482299EA},0.0,1825.0,bOPV
2018-02-01,AFRO:NIGERIA:ZAMFARA:MARADUN,{89AA583B-5636-454B-BC73-C548B9BD9125},0.0,1825.0,bOPV
2018-02-01,AFRO:NIGERIA:ZAMFARA:MARU,{547C1951-6DE3-4892-A856-61B76F1CF774},0.0,1825.0,bOPV
2018-02-01,AFRO:NIGERIA:ZAMFARA:SHINKAFI,{1894C8FA-81E4-418E-8D78-5CBC68CFFFAA},0.0,1825.0,bOPV
2018-02-01,AFRO:NIGERIA:ZAMFARA:TALATA_MAFARA,{CFA06466-8C8F-4BAE-9094-2F83CC4C0A77},0.0,1825.0,bOPV
2018-02-01,AFRO:NIGERIA:ZAMFARA:TSAFE,{66149AD3-051E-4CBA-9D0E-712567E68A15},0.0,1825.0,bOPV
2018-02-01,AFRO:NIGERIA:ZAMFARA:ZURMI,{0DBFFB46-E4F4-43A2-BD10-CB7CE5778C98},0.0,1825.0,bOPV
2018-08-01,AFRO:NIGERIA:ZAMFARA:ANKA,{9645E8D5-083C-4F01-89E0-0DE3B5CEDE9E},0.0,1825.0,bOPV
2018-08-01,AFRO:NIGERIA:ZAMFARA:BAKURA,{621B9A22-6B0B-4D75-9EBB-C18F14FC5A8A},0.0,1825.0,bOPV
2018-08-01,AFRO:NIGERIA:ZAMFARA:BIRNIN_MAGAJI_KIYAW,{7A6AE0B7-1B8F-4DFC-93D3-DD3F917B503C},0.0,1825.0,bOPV
2018-08-01,AFRO:NIGERIA:ZAMFARA:BUKKUYUM,{5CE54A21-F945-4023-9884-2F3248608C5B},0.0,1825.0,bOPV
2018-08-01,AFRO:NIGERIA:ZAMFARA:BUNGUDU,{1C6B6241-680D-426C-9400-4C4834184494},0.0,1825.0,bOPV
2018-08-01,AFRO:NIGERIA:ZAMFARA:GUMMI,{EC809F53-C142-4713-9C59-5E10C2C76E1C},0.0,1825.0,bOPV
2018-08-01,AFRO:NIGERIA:ZAMFARA:GUSAU,{E4EDE949-7208-4B00-879A-99B470556CEA},0.0,1825.0,bOPV
2018-08-01,AFRO:NIGERIA:ZAMFARA:KAURA_NAMODA,{EF9EDA13-ABFC-42B1-8588-3FDB44B1D7BE},0.0,1825.0,bOPV
2018-08-01,AFRO:NIGERIA:ZAMFARA:MARADUN,{06702A6E-BC8B-4C3B-93A2-5022049512BB},0.0,1825.0,bOPV
2018-08-01,AFRO:NIGERIA:ZAMFARA:MARU,{267645F9-C2C3-4FF5-AD97-7D0B15B9B07F},0.0,1825.0,bOPV
2018-08-01,AFRO:NIGERIA:ZAMFARA:SHINKAFI,{F5B9F610-E0F3-4EF1-928F-17EC424EB004},0.0,1825.0,bOPV
2018-08-01,AFRO:NIGERIA:ZAMFARA:TALATA_MAFARA,{E92FCCAD-30C0-414E-887A-450AA9C8064E},0.0,1825.0,bOPV
2018-08-01,AFRO:NIGERIA:ZAMFARA:TSAFE,{9974C86B-83E9-4747-89D8-BDA5B50D1827},0.0,1825.0,bOPV
2018-08-01,AFRO:NIGERIA:ZAMFARA:ZURMI,{2860E2E1-4495-42F7-BC4F-E3F0EADD6FBD},0.0,1825.0,bOPV
2019-02-01,AFRO:NIGERIA:ZAMFARA:ANKA,{44A62AC9-558C-4792-88CF-721CAD411D46},0.0,1825.0,bOPV
2019-02-01,AFRO:NIGERIA:ZAMFARA:BAKURA,{8D2138CA-C8B6-4345-ADD6-9F07C824A576},0.0,1825.0,bOPV
2019-02-01,AFRO:NIGERIA:ZAMFARA:BIRNIN_MAGAJI_KIYAW,{28D646A0-E309-445D-88D7-4724DE090109},0.0,1825.0,bOPV
2019-02-01,AFRO:NIGERIA:ZAMFARA:BUKKUYUM,{D1893B65-B303-4BFA-88EC-015187D6C13C},0.0,1825.0,bOPV
2019-02-01,AFRO:NIGERIA:ZAMFARA:BUNGUDU,{46F0EFFE-6DDC-4FB7-803A-CE3B7F101DCF},0.0,1825.0,bOPV
2019-02-01,AFRO:NIGERIA:ZAMFARA:GUMMI,{704B9095-3276-4C0E-B1E2-A40DE2C55C3B},0.0,1825.0,bOPV
2019-02-01,AFRO:NIGERIA:ZAMFARA:GUSAU,{5BEA9A28-D7E8-437D-886D-3A62691499E5},0.0,1825.0,bOPV
2019-02-01,AFRO:NIGERIA:ZAMFARA:KAURA_NAMODA,{95721523-1E36-4A91-A380-6E6D368D04D7},0.0,1825.0,bOPV
2019-02-01,AFRO:NIGERIA:ZAMFARA:MARADUN,{1D439CC4-B7DA-47FD-A512-1B49E447507D},0.0,1825.0,bOPV
2019-02-01,AFRO:NIGERIA:ZAMFARA:MARU,{FEA5DB86-A284-492B-9D46-F02A6F7C014F},0.0,1825.0,bOPV
2019-02-01,AFRO:NIGERIA:ZAMFARA:SHINKAFI,{EB1C0660-9979-40F7-A010-5CB3497F0C7D},0.0,1825.0,bOPV
2019-02-01,AFRO:NIGERIA:ZAMFARA:TALATA_MAFARA,{A7B04730-B194-4C6F-930F-925DA5AB17F1},0.0,1825.0,bOPV
2019-02-01,AFRO:NIGERIA:ZAMFARA:TSAFE,{0A6B2155-3895-42CB-98E3-AEA391B3271F},0.0,1825.0,bOPV
2019-02-01,AFRO:NIGERIA:ZAMFARA:ZURMI,{BB12AA77-4631-456B-A374-3DBD075138CC},0.0,1825.0,bOPV
2019-05-01,AFRO:NIGERIA:ZAMFARA:ANKA,{03761825-CDF1-48FE-9EC5-BDC6DEB3FDE1},0.0,1825.0,mOPV2
2019-05-01,AFRO:NIGERIA:ZAMFARA:BAKURA,{0B880723-7FD8-493D-B89B-69B7701077BA},0.0,1825.0,mOPV2
2019-05-01,AFRO:NIGERIA:ZAMFARA:BIRNIN_MAGAJI_KIYAW,{172E9066-45DE-42ED-88AA-BB7F639070B8},0.0,1825.0,mOPV2
2019-05-01,AFRO:NIGERIA:ZAMFARA:BUKKUYUM,{EA99F82F-9D08-4056-932B-2DFC249ED700},0.0,1825.0,mOPV2
2019-05-01,AFRO:NIGERIA:ZAMFARA:BUNGUDU,{12BA849B-EE8F-4423-A468-F8DF3B4DA151},0.0,1825.0,mOPV2
2019-05-01,AFRO:NIGERIA:ZAMFARA:GUMMI,{921D169A-6BFD-43D0-BDCB-B34A4C0C5C54},0.0,1825.0,mOPV2
2019-05-01,AFRO:NIGERIA:ZAMFARA:GUSAU,{2CBC5902-740A-41B0-B41D-7CC36A283B8F},0.0,1825.0,mOPV2
2019-05-01,AFRO:NIGERIA:ZAMFARA:KAURA_NAMODA,{4DFFAB34-E47A-4EF6-8558-50A352F79194},0.0,1825.0,mOPV2
2019-05-01,AFRO:NIGERIA:ZAMFARA:MARADUN,{59FD1636-8ABF-4BF1-A3A2-80142671E7DF},0.0,1825.0,mOPV2
2019-05-01,AFRO:NIGERIA:ZAMFARA:MARU,{7253D205-5743-4232-98E4-3233072D1100},0.0,1825.0,mOPV2
2019-05-01,AFRO:NIGERIA:ZAMFARA:SHINKAFI,{DBF7780D-78C4-416E-A2CD-BAD6EEA109B1},0.0,1825.0,mOPV2
2019-05-01,AFRO:NIGERIA:ZAMFARA:TALATA_MAFARA,{B256176A-B979-42F1-807E-83000BE67291},0.0,1825.0,mOPV2
2019-05-01,AFRO:NIGERIA:ZAMFARA:TSAFE,{5DE864CF-D3D3-40D9-A913-7ADA3EEA70F8},0.0,1825.0,mOPV2
2019-05-01,AFRO:NIGERIA:ZAMFARA:ZURMI,{137D2B2C-FC01-4E6B-8BF2-F0D62CAF378A},0.0,1825.0,mOPV2
2019-08-01,AFRO:NIGERIA:ZAMFARA:ANKA,{51469F98-DDE6-4DAB-8130-A8A80DF9BAE1},0.0,1825.0,bOPV
2019-08-01,AFRO:NIGERIA:ZAMFARA:BAKURA,{EC54579C-BEA6-47F0-B424-8A048542AE0F},0.0,1825.0,bOPV
2019-08-01,AFRO:NIGERIA:ZAMFARA:BIRNIN_MAGAJI_KIYAW,{1FE8245C-2613-4F8C-B459-DAD30B56C894},0.0,1825.0,bOPV
2019-08-01,AFRO:NIGERIA:ZAMFARA:BUKKUYUM,{A8EA3783-5AF1-48BF-ACFC-3F4D1CA4074D},0.0,1825.0,bOPV
2019-08-01,AFRO:NIGERIA:ZAMFARA:BUNGUDU,{4C73BC64-88FF-41CA-90B2-09352A09C16E},0.0,1825.0,bOPV
2019-08-01,AFRO:NIGERIA:ZAMFARA:GUMMI,{C174A960-CDE3-4B4B-8BF6-BC89782E1BF9},0.0,1825.0,bOPV
2019-08-01,AFRO:NIGERIA:ZAMFARA:GUSAU,{85B64DCC-CDB2-4155-AA78-234FCCD2308D},0.0,1825.0,bOPV
2019-08-01,AFRO:NIGERIA:ZAMFARA:KAURA_NAMODA,{7FF0BB6C-6444-446C-8984-5F1D9149CB76},0.0,1825.0,bOPV
2019-08-01,AFRO:NIGERIA:ZAMFARA:MARADUN,{180FB5BF-8839-49B3-B1E3-8EAA158C66C3},0.0,1825.0,bOPV
2019-08-01,AFRO:NIGERIA:ZAMFARA:MARU,{FD7665A7-F32B-465C-8EDF-FFCD27380DBD},0.0,1825.0,bOPV
2019-08-01,AFRO:NIGERIA:ZAMFARA:SHINKAFI,{D89C377A-C85C-4D63-90AD-959AB9FC3749},0.0,1825.0,bOPV
2019-08-01,AFRO:NIGERIA:ZAMFARA:TALATA_MAFARA,{9D58D543-44F4-46D9-B365-0A0E4B4FD689},0.0,1825.0,bOPV
2019-08-01,AFRO:NIGERIA:ZAMFARA:TSAFE,{AF7CFC08-A6E9-4C40-9FC9-511BC94E214D},0.0,1825.0,bOPV
2019-08-01,AFRO:NIGERIA:ZAMFARA:ZURMI,{4D6F6414-4704-4F58-A69C-9CA9B651D22B},0.0,1825.0,bOPV
2020-02-01,AFRO:NIGERIA:ZAMFARA:ANKA,{85AABF48-D83E-4625-AAF5-5E4CAAAD35E3},0.0,1825.0,bOPV
2020-02-01,AFRO:NIGERIA:ZAMFARA:BAKURA,{6932A00A-A0B8-4CB3-8986-9274671AA24A},0.0,1825.0,bOPV
2020-02-01,AFRO:NIGERIA:ZAMFARA:BIRNIN_MAGAJI_KIYAW,{EDCA7B1A-E5CC-4DA4-A9AF-56B9232804BE},0.0,1825.0,bOPV
2020-02-01,AFRO:NIGERIA:ZAMFARA:BUKKUYUM,{4A02D225-3CF5-4BA1-95A1-20FE99EEE370},0.0,1825.0,bOPV
2020-02-01,AFRO:NIGERIA:ZAMFARA:BUNGUDU,{5720677C-19D9-4B0C-9328-E1C272A5E2AA},0.0,1825.0,bOPV
2020-02-01,AFRO:NIGERIA:ZAMFARA:GUMMI,{E44DF179-5E07-4C32-9097-D191F7BC6EC5},0.0,1825.0,bOPV
2020-02-01,AFRO:NIGERIA:ZAMFARA:GUSAU,{35E56473-0ED0-48AC-8E8D-AEF224C1A965},0.0,1825.0,bOPV
2020-02-01,AFRO:NIGERIA:ZAMFARA:KAURA_NAMODA,{D8A608EE-FF5A-4D87-80BA-9DA10C9D4E39},0.0,1825.0,bOPV
2020-02-01,AFRO:NIGERIA:ZAMFARA:MARADUN,{2EE1FCDC-7CB7-4DA3-BDEA-0A9FFBC16457},0.0,1825.0,bOPV
2020-02-01,AFRO:NIGERIA:ZAMFARA:MARU,{1E9BC70B-5DE7-4ABA-B35C-5532A0B3CF90},0.0,1825.0,bOPV
2020-02-01,AFRO:NIGERIA:ZAMFARA:SHINKAFI,{88B6F3EC-33C3-47D6-85BC-CED3E3A355F2},0.0,1825.0,bOPV
2020-02-01,AFRO:NIGERIA:ZAMFARA:TALATA_MAFARA,{6B2B33EB-9E66-4219-B969-8EF99AC77DFA},0.0,1825.0,bOPV
2020-02-01,AFRO:NIGERIA:ZAMFARA:TSAFE,{94847F19-42CC-4FD5-9A01-C2A8CF2EF967},0.0,1825.0,bOPV
2020-02-01,AFRO:NIGERIA:ZAMFARA:ZURMI,{18116172-E6E7-4CF0-AC66-EB73D6CC31E3},0.0,1825.0,bOPV
2020-08-01,AFRO:NIGERIA:ZAMFARA:ANKA,{701A5F12-4D3E-47F9-8D42-9BB8174653A9},0.0,1825.0,bOPV
2020-08-01,AFRO:NIGERIA:ZAMFARA:BAKURA,{4E539DAB-5C61-4742-97F8-1C8746BC8094},0.0,1825.0,bOPV
2020-08-01,AFRO:NIGERIA:ZAMFARA:BIRNIN_MAGAJI_KIYAW,{AFC768CD-AF9A-4996-AA07-235EB574D08A},0.0,1825.0,bOPV
2020-08-01,AFRO:NIGERIA:ZAMFARA:BUKKUYUM,{5F18AE15-787B-40A9-A60A-BB6883A4EB58},0.0,1825.0,bOPV
2020-08-01,AFRO:NIGERIA:ZAMFARA:BUNGUDU,{9E954832-47E3-4A6A-839B-D7356836FE26},0.0,1825.0,bOPV
2020-08-01,AFRO:NIGERIA:ZAMFARA:GUMMI,{83697B4D-EDAA-4270-8DDF-AA5AF8C08FFC},0.0,1825.0,bOPV
2020-08-01,AFRO:NIGERIA:ZAMFARA:GUSAU,{93C4DD63-5C20-45D5-8AB0-CE9B0C1DA5C3},0.0,1825.0,bOPV
2020-08-01,AFRO:NIGERIA:ZAMFARA:KAURA_NAMODA,{AE4538AD-7AB9-41D1-BA3F-79DA315887D2},0.0,1825.0,bOPV
2020-08-01,AFRO:NIGERIA:ZAMFARA:MARADUN,{5F5C83D8-7147-4D32-BE2B-771BF1A6DA0E},0.0,1825.0,bOPV
2020-08-01,AFRO:NIGERIA:ZAMFARA:MARU,{4A60D692-FB39-4A16-BB88-4B83A6D350F5},0.0,1825.0,bOPV
2020-08-01,AFRO:NIGERIA:ZAMFARA:SHINKAFI,{2A1CB3AC-88FE-4716-B7CC-EA036FBA218F},0.0,1825.0,bOPV
2020-08-01,AFRO:NIGERIA:ZAMFARA:TALATA_MAFARA,{2A47BF42-7674-4A1B-9A3F-75C450B590EA},0.0,1825.0,bOPV
2020-08-01,AFRO:NIGERIA:ZAMFARA:TSAFE,{BE47572C-AF4C-4A7E-AF0B-46B00E6B40F8},0.0,1825.0,bOPV
2020-08-01,AFRO:NIGERIA:ZAMFARA:ZURMI,{19F948E2-4956-478F-B26F-81F578CCC268},0.0,1825.0,bOPV
2021-02-01,AFRO:NIGERIA:ZAMFARA:ANKA,{2CFE0857-3093-4479-9CC3-73AD92C7BF1E},0.0,1825.0,bOPV
2021-02-01,AFRO:NIGERIA:ZAMFARA:BAKURA,{A454A9CC-C007-4D13-B5A0-4F090F7B3F33},0.0,1825.0,bOPV
2021-02-01,AFRO:NIGERIA:ZAMFARA:BIRNIN_MAGAJI_KIYAW,{60AEE8EB-51DE-4D31-8FA7-C1992E31C0C2},0.0,1825.0,bOPV
2021-02-01,AFRO:NIGERIA:ZAMFARA:BUKKUYUM,{B1D568C7-DDD6-4D1E-8BE5-CB42D283E3D5},0.0,1825.0,bOPV
2021-02-01,AFRO:NIGERIA:ZAMFARA:BUNGUDU,{65260E37-FD17-4B62-B6D4-E3B82A330319},0.0,1825.0,bOPV
2021-02-01,AFRO:NIGERIA:ZAMFARA:GUMMI,{8EE023CF-E62D-4D68-939B-FEC8675822AB},0.0,1825.0,bOPV
2021-02-01,AFRO:NIGERIA:ZAMFARA:GUSAU,{7EB355B4-AE87-4A66-A078-ABC7724FBFE6},0.0,1825.0,bOPV
2021-02-01,AFRO:NIGERIA:ZAMFARA:KAURA_NAMODA,{9BE35C74-C3F3-435B-BE09-249D041CBD75},0.0,1825.0,bOPV
2021-02-01,AFRO:NIGERIA:ZAMFARA:MARADUN,{FDF06DE0-139E-47C9-A996-75FE7A24A4A6},0.0,1825.0,bOPV
2021-02-01,AFRO:NIGERIA:ZAMFARA:MARU,{B6F84B63-5E85-42F3-B812-1CC1D22C2E46},0.0,1825.0,bOPV
2021-02-01,AFRO:NIGERIA:ZAMFARA:SHINKAFI,{138E8085-0193-435D-B508-0BCA78410395},0.0,1825.0,bOPV
2021-02-01,AFRO:NIGERIA:ZAMFARA:TALATA_MAFARA,{EB8C9EF5-12E2-4067-9347-7F53E74E8D1E},0.0,1825.0,bOPV
2021-02-01,AFRO:NIGERIA:ZAMFARA:TSAFE,{DE0E196C-CA69-478F-8BB6-65D7DD057F22},0.0,1825.0,bOPV
2021-02-01,AFRO:NIGERIA:ZAMFARA:ZURMI,{8EF10991-CBA9-4691-BDE2-D3B1996BCD36},0.0,1825.0,bOPV
2021-05-01,AFRO:NIGERIA:ZAMFARA:ANKA,{81FC1F96-AE5C-4866-8408-28D8AEB9D5AA},0.0,1825.0,mOPV2
2021-05-01,AFRO:NIGERIA:ZAMFARA:BAKURA,{C3818F2F-B66E-4056-8BC8-6E4F52B7EA50},0.0,1825.0,mOPV2
2021-05-01,AFRO:NIGERIA:ZAMFARA:BIRNIN_MAGAJI_KIYAW,{47C8AA1C-D10F-4B53-A4B9-41602FCFE38B},0.0,1825.0,mOPV2
2021-05-01,AFRO:NIGERIA:ZAMFARA:BUKKUYUM,{FBCF7AF8-5E02-4178-BAFF-BF8D7299104E},0.0,1825.0,mOPV2
2021-05-01,AFRO:NIGERIA:ZAMFARA:BUNGUDU,{7AD7824A-AA27-47DA-A5F8-581D31580D06},0.0,1825.0,mOPV2
2021-05-01,AFRO:NIGERIA:ZAMFARA:GUMMI,{BEDB4C32-B019-4852-B9C0-97A60C3FA8C5},0.0,1825.0,mOPV2
2021-05-01,AFRO:NIGERIA:ZAMFARA:GUSAU,{7992987B-82D8-4E62-919F-3012A74B4662},0.0,1825.0,mOPV2
2021-05-01,AFRO:NIGERIA:ZAMFARA:KAURA_NAMODA,{AE92EE0D-90D5-4588-AE13-1849016C5CB1},0.0,1825.0,mOPV2
2021-05-01,AFRO:NIGERIA:ZAMFARA:MARADUN,{8C7EF504-24BB-4051-A28A-36D2F8F06F71},0.0,1825.0,mOPV2
2021-05-01,AFRO:NIGERIA:ZAMFARA:MARU,{87B25845-BD69-4356-80F4-710F07246771},0.0,1825.0,mOPV2
2021-05-01,AFRO:NIGERIA:ZAMFARA:SHINKAFI,{01A580D7-D01B-48FE-8FE5-79A6F848B66A},0.0,1825.0,mOPV2
2021-05-01,AFRO:NIGERIA:ZAMFARA:TALATA_MAFARA,{13F1318E-6595-49A1-9CDD-94CF2C273ABD},0.0,1825.0,mOPV2
2021-05-01,AFRO:NIGERIA:ZAMFARA:TSAFE,{ADC2DFA8-48E9-4B9C-A94B-530178045DDB},0.0,1825.0,mOPV2
2021-05-01,AFRO:NIGERIA:ZAMFARA:ZURMI,{21A0ECAA-B46C-4D7C-A648-22CE33541712},0.0,1825.0,mOPV2
2021-08-01,AFRO:NIGERIA:ZAMFARA:ANKA,{9DE312FD-9D8E-441E-873A-AF69E7459670},0.0,1825.0,bOPV
2021-08-01,AFRO:NIGERIA:ZAMFARA:BAKURA,{3CCA188C-C909-460D-A9BF-2B0570A63147},0.0,1825.0,bOPV
2021-08-01,AFRO:NIGERIA:ZAMFARA:BIRNIN_MAGAJI_KIYAW,{A89D4AC1-B6E9-4DC6-A2FC-820E2BF6C1D1},0.0,1825.0,bOPV
2021-08-01,AFRO:NIGERIA:ZAMFARA:BUKKUYUM,{B6A6246E-A86E-41FB-AFB9-28B16CAC110E},0.0,1825.0,bOPV
2021-08-01,AFRO:NIGERIA:ZAMFARA:BUNGUDU,{80A3C029-6BA7-47C6-AEE8-157B80FD7ED3},0.0,1825.0,bOPV
2021-08-01,AFRO:NIGERIA:ZAMFARA:GUMMI,{90E6796D-B8D9-4EEC-85AB-C9212EC3C606},0.0,1825.0,bOPV
2021-08-01,AFRO:NIGERIA:ZAMFARA:GUSAU,{3B13C550-3727-40F9-9C05-521BCF1E7D7A},0.0,1825.0,bOPV
2021-08-01,AFRO:NIGERIA:ZAMFARA:KAURA_NAMODA,{F6718149-2227-4232-B367-5E1044282CAE},0.0,1825.0,bOPV
2021-08-01,AFRO:NIGERIA:ZAMFARA:MARADUN,{1DA32A4B-2ACC-4E9C-9E4B-B184A86B366A},0.0,1825.0,bOPV
2021-08-01,AFRO:NIGERIA:ZAMFARA:MARU,{84DDD451-357D-457E-B462-7C897279EE5D},0.0,1825.0,bOPV
2021-08-01,AFRO:NIGERIA:ZAMFARA:SHINKAFI,{01223E4D-9FE1-4C55-999E-72080E59FBEF},0.0,1825.0,bOPV
2021-08-01,AFRO:NIGERIA:ZAMFARA:TALATA_MAFARA,{50809E8F-7238-477E-B052-03A3A73ED4C6},0.0,1825.0,bOPV
2021-08-01,AFRO:NIGERIA:ZAMFARA:TSAFE,{38DA6549-17D3-480B-BA93-77E1C11F3C43},0.0,1825.0,bOPV
2021-08-01,AFRO:NIGERIA:ZAMFARA:ZURMI,{B995872F-1B50-48C1-B427-DE37253A2A74},0.0,1825.0,bOPV
2022-02-01,AFRO:NIGERIA:ZAMFARA:ANKA,{56764D81-A922-4074-910F-AFD525D3E37F},0.0,1825.0,bOPV
2022-02-01,AFRO:NIGERIA:ZAMFARA:BAKURA,{6797D72F-D571-4D46-A8F5-7775BA564105},0.0,1825.0,bOPV
2022-02-01,AFRO:NIGERIA:ZAMFARA:BIRNIN_MAGAJI_KIYAW,{8042EBA3-41BD-4C2C-A6C3-AC0E98E2CDD2},0.0,1825.0,bOPV
2022-02-01,AFRO:NIGERIA:ZAMFARA:BUKKUYUM,{AE497A88-1FDD-4CE1-AB9C-6D3C81C434A4},0.0,1825.0,bOPV
2022-02-01,AFRO:NIGERIA:ZAMFARA:BUNGUDU,{6E7BE029-AF86-4BD1-BB2B-D31661FCAB4F},0.0,1825.0,bOPV
2022-02-01,AFRO:NIGERIA:ZAMFARA:GUMMI,{20161402-2474-490E-911A-0AC362CF97B3},0.0,1825.0,bOPV
2022-02-01,AFRO:NIGERIA:ZAMFARA:GUSAU,{73456535-51BB-4B7E-9482-813EB17A384E},0.0,1825.0,bOPV
2022-02-01,AFRO:NIGERIA:ZAMFARA:KAURA_NAMODA,{A9D62156-434E-4607-8B45-EE6911AB0A1D},0.0,1825.0,bOPV
2022-02-01,AFRO:NIGERIA:ZAMFARA:MARADUN,{B8DB5CFB-A7E0-4D35-913E-F9264E1543F8},0.0,1825.0,bOPV
2022-02-01,AFRO:NIGERIA:ZAMFARA:MARU,{E2BA0ED4-861D-4A0B-97B3-E39B22FC2783},0.0,1825.0,bOPV
2022-02-01,AFRO:NIGERIA:ZAMFARA:SHINKAFI,{63D58113-88AB-488C-BA97-8E9AD1EB5DF6},0.0,1825.0,bOPV
2022-02-01,AFRO:NIGERIA:ZAMFARA:TALATA_MAFARA,{1D6F1428-7311-47B7-9792-BCC95A902329},0.0,1825.0,bOPV
2022-02-01,AFRO:NIGERIA:ZAMFARA:TSAFE,{10108DC0-0514-4CCD-A41B-4D7463BF1BA0},0.0,1825.0,bOPV
2022-02-01,AFRO:NIGERIA:ZAMFARA:ZURMI,{9A7F2B20-062C-4476-A3BD-6802FAA1A4F2},0.0,1825.0,bOPV
2022-08-01,AFRO:NIGERIA:ZAMFARA:ANKA,{45AF58C1-4818-4AE5-8CC2-22E8C2BC81D9},0.0,1825.0,bOPV
2022-08-01,AFRO:NIGERIA:ZAMFARA:BAKURA,{05037B98-62E3-4A0D-B4C0-58565BEF1D04},0.0,1825.0,bOPV
2022-08-01,AFRO:NIGERIA:ZAMFARA:BIRNIN_MAGAJI_KIYAW,{1C43329E-343B-49AC-862D-C1ECFC818AC2},0.0,1825.0,bOPV
2022-08-01,AFRO:NIGERIA:ZAMFARA:BUKKUYUM,{3E97D7FB-782C-4102-A8BF-5AA4D6D144F7},0.0,1825.0,bOPV
2022-08-01,AFRO:NIGERIA:ZAMFARA:BUNGUDU,{DAD3BFE6-065A-4504-A1D5-58690BB758FF},0.0,1825.0,bOPV
2022-08-01,AFRO:NIGERIA:ZAMFARA:GUMMI,{8A082FB9-DD01-46DC-9D9F-00B9EBEC859E},0.0,1825.0,bOPV
2022-08-01,AFRO:NIGERIA:ZAMFARA:GUSAU,{B48AD9F7-732C-45CE-9B53-932A2435B421},0.0,1825.0,bOPV
2022-08-01,AFRO:NIGERIA:ZAMFARA:KAURA_NAMODA,{E1B5B600-3C4E-4E50-84E0-7CD1F376E89E},0.0,1825.0,bOPV
2022-08-01,AFRO:NIGERIA:ZAMFARA:MARADUN,{DD4A7216-F56E-41DC-B0F8-61AE7560C4BB},0.0,1825.0,bOPV
2022-08-01,AFRO:NIGERIA:ZAMFARA:MARU,{C01D14EF-FDD8-4BCE-85A7-BB988ECB6B04},0.0,1825.0,bOPV
2022-08-01,AFRO:NIGERIA:ZAMFARA:SHINKAFI,{F8FF1068-E3FD-4BFF-8C9F-46094BBF1A95},0.0,1825.0,bOPV
2022-08-01,AFRO:NIGERIA:ZAMFARA:TALATA_MAFARA,{22FBA16D-DB3E-4090-BA83-A3F4E570C81C},0.0,1825.0,bOPV
2022-08-01,AFRO:NIGERIA:ZAMFARA:TSAFE,{AEAA1EB1-FF2C-4FDD-BACF-2940A83B1347},0.0,1825.0,bOPV
2022-08-01,AFRO:NIGERIA:ZAMFARA:ZURMI,{9FB45B95-A275-4D9D-9A79-18563CD27743},0.0,1825.0,bOPV
2023-02-01,AFRO:NIGERIA:ZAMFARA:ANKA,{07C0BCC0-6D41-402A-B9D4-236293E678C0},0.0,1825.0,bOPV
2023-02-01,AFRO:NIGERIA:ZAMFARA:BAKURA,{B8EB4617-2D0E-4FEC-A574-B0C79CC531D4},0.0,1825.0,bOPV
2023-02-01,AFRO:NIGERIA:ZAMFARA:BIRNIN_MAGAJI_KIYAW,{B2B5C409-8A9A-4374-8FFE-B375BA34B773},0.0,1825.0,bOPV
2023-02-01,AFRO:NIGERIA:ZAMFARA:BUKKUYUM,{8069410E-0597-41EB-8578-38B22AA7ECDC},0.0,1825.0,bOPV
2023-02-01,AFRO:NIGERIA:ZAMFARA:BUNGUDU,{E36DE422-5024-4551-B5CB-727518254783},0.0,1825.0,bOPV
2023-02-01,AFRO:NIGERIA:ZAMFARA:GUMMI,{DD93A17A-F852-45F7-8CAF-15A3CE7D5490},0.0,1825.0,bOPV
2023-02-01,AFRO:NIGERIA:ZAMFARA:GUSAU,{C9FD2204-B85E-4935-8C6C-384D1826FB47},0.0,1825.0,bOPV
2023-02-01,AFRO:NIGERIA:ZAMFARA:KAURA_NAMODA,{B75AAB09-EDE1-4BF7-8E2D-B0B1C6414665},0.0,1825.0,bOPV
2023-02-01,AFRO:NIGERIA:ZAMFARA:MARADUN,{E32C1AF3-E6AE-4F2C-92EE-B20F4FE5ACCB},0.0,1825.0,bOPV
2023-02-01,AFRO:NIGERIA:ZAMFARA:MARU,{C29B4154-8690-418B-A1D1-6861B321AE45},0.0,1825.0,bOPV
2023-02-01,AFRO:NIGERIA:ZAMFARA:SHINKAFI,{4E00407C-86C5-4E17-8C03-D8A29B6183D6},0.0,1825.0,bOPV
2023-02-01,AFRO:NIGERIA:ZAMFARA:TALATA_MAFARA,{B251EE44-1AD2-4196-BE09-68301424A177},0.0,1825.0,bOPV
2023-02-01,AFRO:NIGERIA:ZAMFARA:TSAFE,{CDB0396F-AAF8-436D-A0C0-896DE50D1BDE},0.0,1825.0,bOPV
2023-02-01,AFRO:NIGERIA:ZAMFARA:ZURMI,{15AD4D16-FACC-4600-AA73-C492BC037DD9},0.0,1825.0,bOPV
2023-05-01,AFRO:NIGERIA:ZAMFARA:ANKA,{845605A2-E1BA-4E96-A825-052AFF5AA26A},0.0,1825.0,mOPV2
2023-05-01,AFRO:NIGERIA:ZAMFARA:BAKURA,{229DBB1B-B5F5-443B-983D-9AA286274EE8},0.0,1825.0,mOPV2
2023-05-01,AFRO:NIGERIA:ZAMFARA:BIRNIN_MAGAJI_KIYAW,{05AD860C-FA36-4A2E-81FF-3D5E29FEEEF5},0.0,1825.0,mOPV2
2023-05-01,AFRO:NIGERIA:ZAMFARA:BUKKUYUM,{79615525-B0B6-484B-9A55-F69F141B9FAE},0.0,1825.0,mOPV2
2023-05-01,AFRO:NIGERIA:ZAMFARA:BUNGUDU,{33C7EEBB-3EFF-4F8F-B343-C0FDBA2AE9E7},0.0,1825.0,mOPV2
2023-05-01,AFRO:NIGERIA:ZAMFARA:GUMMI,{9C139F8E-E155-496D-B1EE-BA1A34378570},0.0,1825.0,mOPV2
2023-05-01,AFRO:NIGERIA:ZAMFARA:GUSAU,{07A4DA14-505E-4084-82FC-4D753404793B},0.0,1825.0,mOPV2
2023-05-01,AFRO:NIGERIA:ZAMFARA:KAURA_NAMODA,{7B1A0D6C-4AED-431E-9051-346FDC9C6996},0.0,1825.0,mOPV2
2023-05-01,AFRO:NIGERIA:ZAMFARA:MARADUN,{F5B0A8FD-E915-4361-911E-19819F0EC783},0.0,1825.0,mOPV2
2023-05-01,AFRO:NIGERIA:ZAMFARA:MARU,{A27CC94A-FF9E-4D26-8C04-82B1511B938E},0.0,1825.0,mOPV2
2023-05-01,AFRO:NIGERIA:ZAMFARA:SHINKAFI,{FE0552C6-9889-45E5-BAC1-6364F5D5A232},0.0,1825.0,mOPV2
2023-05-01,AFRO:NIGERIA:ZAMFARA:TALATA_MAFARA,{94E5ECB4-059E-4791-8541-CDCD9B85EDEF},0.0,1825.0,mOPV2
2023-05-01,AFRO:NIGERIA:ZAMFARA:TSAFE,{C443B849-121C-4644-BDCB-0AA03CBC3455},0.0,1825.0,mOPV2
2023-05-01,AFRO:NIGERIA:ZAMFARA:ZURMI,{F2A3F34B-17D9-4178-A83D-4D912218BAB5},0.0,1825.0,mOPV2
2023-08-01,AFRO:NIGERIA:ZAMFARA:ANKA,{59F8EE34-8B0B-4002-BCB7-5A8D8CB4E5A6},0.0,1825.0,bOPV
2023-08-01,AFRO:NIGERIA:ZAMFARA:BAKURA,{B8D1DEBC-851B-4E45-BD4A-86D4A72B0F08},0.0,1825.0,bOPV
2023-08-01,AFRO:NIGERIA:ZAMFARA:BIRNIN_MAGAJI_KIYAW,{0E69468B-BB91-418F-AD06-5A7554A5EA31},0.0,1825.0,bOPV
2023-08-01,AFRO:NIGERIA:ZAMFARA:BUKKUYUM,{87CDE328-0A54-4BAD-89AF-A39A0B2D00B1},0.0,1825.0,bOPV
2023-08-01,AFRO:NIGERIA:ZAMFARA:BUNGUDU,{2686BBAC-FB2B-4B20-9E64-CA4A1395942A},0.0,1825.0,bOPV
2023-08-01,AFRO:NIGERIA:ZAMFARA:GUMMI,{A6A77245-AA79-44F1-AD42-A4BECB21AFBD},0.0,1825.0,bOPV
2023-08-01,AFRO:NIGERIA:ZAMFARA:GUSAU,{31CD1EFE-20B8-4AFA-A021-B0D87A9C90AB},0.0,1825.0,bOPV
2023-08-01,AFRO:NIGERIA:ZAMFARA:KAURA_NAMODA,{A01AF0C0-8809-42B2-87E6-AB0DC6001881},0.0,1825.0,bOPV
2023-08-01,AFRO:NIGERIA:ZAMFARA:MARADUN,{174D6CD3-1077-4A0D-8484-773B3C90471D},0.0,1825.0,bOPV
2023-08-01,AFRO:NIGERIA:ZAMFARA:MARU,{4667CA65-F261-4FC3-A29A-8753728E80C9},0.0,1825.0,bOPV
2023-08-01,AFRO:NIGERIA:ZAMFARA:SHINKAFI,{0B518DC5-C80A-4D0C-B46F-AEE356BE97FD},0.0,1825.0,bOPV
2023-08-01,AFRO:NIGERIA:ZAMFARA:TALATA_MAFARA,{050D4036-6737-4F37-BEAC-48DC1C7EF880},0.0,1825.0,bOPV
2023-08-01,AFRO:NIGERIA:ZAMFARA:TSAFE,{FABF8397-6B00-49E1-AD99-B78CE8A860AC},0.0,1825.0,bOPV
2023-08-01,AFRO:NIGERIA:ZAMFARA:ZURMI,{0DADDEF9-25FE-4957-8D90-D80EEE05C492},0.0,1825.0,bOPV
2024-02-01,AFRO:NIGERIA:ZAMFARA:ANKA,{73DD7080-918F-4520-B4CB-2E3A29D5C024},0.0,1825.0,bOPV
2024-02-01,AFRO:NIGERIA:ZAMFARA:BAKURA,{4BE8CA36-D94E-4814-AD56-48FB3E27D5EA},0.0,1825.0,bOPV
2024-02-01,AFRO:NIGERIA:ZAMFARA:BIRNIN_MAGAJI_KIYAW,{9A71A45B-86D8-4B6D-8F06-EC0C78D2F56C},0.0,1825.0,bOPV
2024-02-01,AFRO:NIGERIA:ZAMFARA:BUKKUYUM,{2BF28789-5A8B-437B-BB3E-A10E596BC068},0.0,1825.0,bOPV
2024-02-01,AFRO:NIGERIA:ZAMFARA:BUNGUDU,{A749B9AC-F910-4E21-B47E-934C3CDE90B3},0.0,1825.0,bOPV
2024-02-01,AFRO:NIGERIA:ZAMFARA:GUMMI,{86106F10-FE75-4276-A240-388681B61A45},0.0,1825.0,bOPV
2024-02-01,AFRO:NIGERIA:ZAMFARA:GUSAU,{1AA9D4C1-91D0-49AD-8F65-6D8C5976CEBB},0.0,1825.0,bOPV
2024-02-01,AFRO:NIGERIA:ZAMFARA:KAURA_NAMODA,{496BF8CD-5312-4D02-BBFA-14D8687DF785},0.0,1825.0,bOPV
2024-02-01,AFRO:NIGERIA:ZAMFARA:MARADUN,{321BD15A-EDEE-4557-AE18-D78903DD4B6D},0.0,1825.0,bOPV
2024-02-01,AFRO:NIGERIA:ZAMFARA:MARU,{BD5FAC5E-948F-44EE-8164-3F1319A28A4F},0.0,1825.0,bOPV
2024-02-01,AFRO:NIGERIA:ZAMFARA:SHINKAFI,{75549EC0-F33B-4CC2-9403-FC852E214B3C},0.0,1825.0,bOPV
2024-02-01,AFRO:NIGERIA:ZAMFARA:TALATA_MAFARA,{AFE3F8FA-8BCA-4642-ABEA-4EEFF2725D49},0.0,1825.0,bOPV
2024-02-01,AFRO:NIGERIA:ZAMFARA:TSAFE,{EAA21C3E-5416-4762-9567-49092287C91A},0.0,1825.0,bOPV
2024-02-01,AFRO:NIGERIA:ZAMFARA:ZURMI,{C774681D-6EAD-45DA-8E5F-1DD0BD4BE438},0.0,1825.0,bOPV
2024-08-01,AFRO:NIGERIA:ZAMFARA:ANKA,{98B6D806-6BCD-4A92-A5DA-C98AC9FF1407},0.0,1825.0,bOPV
2024-08-01,AFRO:NIGERIA:ZAMFARA:BAKURA,{B3D361FB-956A-4718-8D69-7423E88076F1},0.0,1825.0,bOPV
2024-08-01,AFRO:NIGERIA:ZAMFARA:BIRNIN_MAGAJI_KIYAW,{A60537C1-F21E-4BAD-BF1A-465C9E3F8BE2},0.0,1825.0,bOPV
2024-08-01,AFRO:NIGERIA:ZAMFARA:BUKKUYUM,{22FDFC8D-A4CA-406D-8072-F1AAC229E135},0.0,1825.0,bOPV
2024-08-01,AFRO:NIGERIA:ZAMFARA:BUNGUDU,{C0A45270-8E11-45D8-88DB-75FDE9BD2759},0.0,1825.0,bOPV
2024-08-01,AFRO:NIGERIA:ZAMFARA:GUMMI,{BB5B05C5-899E-4B84-8E63-5EE8F565E63F},0.0,1825.0,bOPV
2024-08-01,AFRO:NIGERIA:ZAMFARA:GUSAU,{0504AF7A-E0F0-42A4-944A-761F425D09F7},0.0,1825.0,bOPV
2024-08-01,AFRO:NIGERIA:ZAMFARA:KAURA_NAMODA,{958BF651-82CA-4C83-AF30-B5AD383A6F9B},0.0,1825.0,bOPV
2024-08-01,AFRO:NIGERIA:ZAMFARA:MARADUN,{BDE5292D-8337-4385-BF35-DD4F8FEB399A},0.0,1825.0,bOPV
2024-08-01,AFRO:NIGERIA:ZAMFARA:MARU,{3D8F1AFC-630D-49CB-9C26-74C69763B870},0.0,1825.0,bOPV
2024-08-01,AFRO:NIGERIA:ZAMFARA:SHINKAFI,{05039C53-EEC9-49C3-AA14-B96764B22F86},0.0,1825.0,bOPV
2024-08-01,AFRO:NIGERIA:ZAMFARA:TALATA_MAFARA,{36B03680-AE82-473B-B57B-D13989D26172},0.0,1825.0,bOPV
2024-08-01,AFRO:NIGERIA:ZAMFARA:TSAFE,{F8C46F02-DF38-4E99-9321-31B35F5620DA},0.0,1825.0,bOPV
2024-08-01,AFRO:NIGERIA:ZAMFARA:ZURMI,{1540CD8F-F838-46E0-9F46-8B391AFB151B},0.0,1825.0,bOPV
